participant_id,team_id,champion_id,spell1,spell2,role,lane,is_win,item0,item1,item2,item3,item4,item5,item6,kills,deaths,assists,largest_killing_pree,largest_multikill,killing_sprees,longest_time_spent_living,doublekills,triplekills,quadrakills,pentakills,unrealkills,total_damage_dealt,magic_damage_dealt,physical_damage_dealt,true_damage_dealt,largest_critical_strike,total_damage_dealt_to_champions,magic_damage_dealt_to_champions,physical_damage_dealt_to_champions,true_damage_dealt_to_champions,total_heal,total_units_healed,damage_self_mitigated,damage_dealt_to_objectives,damage_dealt_to_turrets,vision_score,time_ccing_others,total_damage_taken,magical_damage_taken,physical_damage_taken,true_damage_taken,gold_earned,gold_spent,turret_kills,inhibitor_kills,total_minions_killed,neutral_minions_killed,neutral_minions_killed_team_jungle,neutral_minions_killed_enemy_jungle,total_time_cc_dealt,champ_level,vision_wards_brought_in_game,sight_wards_brought_in_game,wards_placed,wards_killed,is_first_blood_kill,is_first_blood_assist,is_first_tower_kill,is_first_tower_assist,combat_player_score,objective_player_score,total_player_score,total_score_rank,player_score0,player_score1,player_score2,player_score3,player_score4,player_score5,player_score6,player_score7,player_score8,player_score9,perk0,perk0_var1,perk0_var2,perk0_var3,perk1,perk1_var1,perk1_var2,perk1_var3,perk2,perk2_var1,perk2_var2,perk2_var3,perk3,perk3_var1,perk3_var2,perk3_var3,perk4,perk4_var1,perk4_var2,perk4_var3,perk5,perk5_var1,perk5_var2,perk5_var3,perk_primary_style,perl_sub_style,stat_perk0,stat_perk1,stat_perk2,game_id,platform_id,account_id,summoner_name,summoner_id,current_platform_id,current_account_id,match_history_url,profile_icon
1,100,17,14,4,NONE,JUNGLE,False,3165,6653,1058,3006,1058,0,3340,5.0,9.0,2.0,3.0,1.0,2.0,851.0,0.0,0.0,0.0,0.0,0.0,126602.0,88583.0,28123.0,9895.0,0.0,26392.0,22288.0,3439.0,664.0,1722.0,1.0,8738.0,19842.0,5862.0,15.0,41.0,21650.0,8347.0,12338.0,963.0,10905.0,12725.0,1.0,0.0,137.0,12.0,12.0,0.0,487.0,13.0,1.0,0.0,9.0,1.0,True,False,True,False,0.0,0.0,0.0,0.0,0.0,0.0,0.0,0.0,0.0,0.0,0.0,0.0,0.0,0.0,8005.0,889.0,585.0,304.0,8009.0,1139.0,0.0,0.0,9104.0,18.0,0.0,0.0,8017.0,843.0,0.0,0.0,8446.0,1240.0,0.0,0.0,8242.0,166.0,0.0,0.0,8000.0,8400.0,5005.0,5008.0,5002.0,3659506474.0,NA1,LQZzvXEKeLjrTIO8vQQOTxDEv_JuqdepyoBkBFDb47N5iHo,1Gargoyle,D9xRyK-YIeeG3AWlV1hF-jMww1x5nBtjTK3OW8_bH7t1Ph0,NA1,LQZzvXEKeLjrTIO8vQQOTxDEv_JuqdepyoBkBFDb47N5iHo,/v1/stats/player_history/NA1/201443126,4594
2,100,110,12,4,DUO_CARRY,BOTTOM,False,1055,3006,3153,6673,6677,1018,3340,4.0,5.0,3.0,2.0,1.0,1.0,916.0,0.0,0.0,0.0,0.0,0.0,95066.0,5143.0,74213.0,15710.0,321.0,13807.0,1775.0,12031.0,0.0,1278.0,1.0,4598.0,2178.0,60.0,14.0,30.0,11571.0,5991.0,5071.0,508.0,9686.0,9450.0,0.0,0.0,117.0,0.0,0.0,0.0,147.0,13.0,0.0,0.0,8.0,1.0,False,False,False,False,0.0,0.0,0.0,0.0,0.0,0.0,0.0,0.0,0.0,0.0,0.0,0.0,0.0,0.0,8008.0,2.0,40.0,0.0,9111.0,372.0,140.0,0.0,9104.0,25.0,20.0,0.0,8014.0,267.0,0.0,0.0,8304.0,11.0,1.0,5.0,8345.0,3.0,0.0,0.0,8000.0,8300.0,5005.0,5008.0,5002.0,3659506474.0,NA,KD9qc0gtwHOt_TyhCHl9EOTh1CkfEuqVrMCG2sL5TpfSUw,Flash freeZ,gxEW7gW2QFoPi_vx779qsPx_B0lUaY8IyNKtH94A8KyDJt4,NA1,KD9qc0gtwHOt_TyhCHl9EOTh1CkfEuqVrMCG2sL5TpfSUw,/v1/stats/player_history/NA/35006621,28
3,100,254,11,4,NONE,JUNGLE,False,3078,2031,3111,3155,3133,0,3340,2.0,6.0,4.0,0.0,1.0,0.0,574.0,0.0,0.0,0.0,0.0,0.0,110011.0,5991.0,94581.0,9438.0,0.0,8446.0,0.0,8105.0,341.0,7557.0,1.0,21517.0,13686.0,0.0,29.0,19.0,24391.0,8055.0,15195.0,1140.0,8106.0,7558.0,0.0,0.0,19.0,95.0,72.0,0.0,249.0,13.0,3.0,0.0,13.0,2.0,False,False,False,False,0.0,0.0,0.0,0.0,0.0,0.0,0.0,0.0,0.0,0.0,0.0,0.0,0.0,0.0,9923.0,31.0,79.0,0.0,8143.0,257.0,0.0,0.0,8138.0,7.0,0.0,0.0,8105.0,13.0,5.0,0.0,9111.0,180.0,120.0,0.0,9104.0,22.0,40.0,0.0,8100.0,8000.0,5005.0,5008.0,5002.0,3659506474.0,NA1,GulG85dY_3w0jZShNe9wRCB6qp7VjzZ-KgkHnrKbu30Dt2D5MkRJoMck,2runkz,UN0TpZgr7ebP5yTDy9XGV6jG35FS20Hw5Dz47RBX68bLcxgj,NA1,GulG85dY_3w0jZShNe9wRCB6qp7VjzZ-KgkHnrKbu30Dt2D5MkRJoMck,/v1/stats/player_history/NA1/2383020604893408,7
4,100,54,14,4,SOLO,MIDDLE,False,6653,1056,3111,4629,4632,3108,3340,8.0,7.0,4.0,3.0,2.0,2.0,554.0,1.0,0.0,0.0,0.0,0.0,76011.0,47470.0,22818.0,5722.0,0.0,15092.0,11894.0,2639.0,558.0,2612.0,1.0,21652.0,6395.0,1085.0,21.0,27.0,21922.0,10381.0,8733.0,2807.0,10725.0,10400.0,0.0,0.0,116.0,0.0,0.0,0.0,413.0,14.0,2.0,0.0,12.0,2.0,False,False,False,False,0.0,0.0,0.0,0.0,0.0,0.0,0.0,0.0,0.0,0.0,0.0,0.0,0.0,0.0,8229.0,1275.0,0.0,0.0,8226.0,250.0,478.0,0.0,8210.0,11.0,0.0,0.0,8237.0,386.0,0.0,0.0,8139.0,844.0,0.0,0.0,8106.0,5.0,0.0,0.0,8200.0,8100.0,5008.0,5008.0,5003.0,3659506474.0,NA1,Ao8jEZ6APWNHTyOWU47nYtzIDy76OGJlQvWy98uRdWZ5UEoT3GM0eMC3,Mistress Ching,AuMM_zZimwhc9aQEMh028VQajvLDkI-phrPVnoLWFU5pLkNV,NA1,Ao8jEZ6APWNHTyOWU47nYtzIDy76OGJlQvWy98uRdWZ5UEoT3GM0eMC3,/v1/stats/player_history/NA1/2379770624207584,1425
5,100,99,14,4,DUO_SUPPORT,BOTTOM,False,3853,6655,3011,3020,0,0,3364,0.0,5.0,8.0,0.0,0.0,0.0,765.0,0.0,0.0,0.0,0.0,0.0,72659.0,59165.0,6819.0,6674.0,0.0,16463.0,14423.0,546.0,1494.0,892.0,1.0,5003.0,686.0,0.0,62.0,59.0,10180.0,4341.0,5559.0,279.0,7986.0,7450.0,0.0,0.0,54.0,0.0,0.0,0.0,288.0,12.0,2.0,0.0,30.0,3.0,False,False,False,False,0.0,0.0,0.0,0.0,0.0,0.0,0.0,0.0,0.0,0.0,0.0,0.0,0.0,0.0,8229.0,2000.0,0.0,0.0,8226.0,250.0,738.0,0.0,8234.0,8694.0,0.0,0.0,8237.0,627.0,0.0,0.0,8473.0,419.0,0.0,0.0,8453.0,147.0,191.0,0.0,8200.0,8400.0,5008.0,5008.0,5002.0,3659506474.0,NA1,uEzrwKS8PLeLwsyqI_Pa2FQOIKCDY8OATzSHc4ZfAMvB7LXtHvT8plU7,washhandsfor30s,9r3C_5oEMsilf-fZc0VNtjdmn0CR3O9i9tgdGFJwyMuprVHv,NA1,uEzrwKS8PLeLwsyqI_Pa2FQOIKCDY8OATzSHc4ZfAMvB7LXtHvT8plU7,/v1/stats/player_history/NA1/2426478387570784,1438
6,200,142,4,14,SOLO,MIDDLE,True,2055,3020,3089,3916,6655,1026,3340,10.0,4.0,8.0,4.0,3.0,3.0,698.0,1.0,1.0,0.0,0.0,0.0,114292.0,88325.0,13009.0,12957.0,287.0,29903.0,23895.0,1428.0,4578.0,5027.0,1.0,7727.0,10104.0,4040.0,33.0,52.0,18142.0,11314.0,6653.0,174.0,12215.0,10975.0,0.0,1.0,123.0,0.0,0.0,0.0,187.0,15.0,7.0,0.0,16.0,1.0,False,False,False,False,0.0,0.0,0.0,0.0,0.0,0.0,0.0,0.0,0.0,0.0,0.0,0.0,0.0,0.0,8112.0,1442.0,0.0,0.0,8143.0,702.0,0.0,0.0,8120.0,3.0,30.0,9.0,8135.0,3349.0,5.0,0.0,8275.0,23.0,0.0,0.0,8210.0,20.0,0.0,0.0,8100.0,8200.0,5008.0,5008.0,5003.0,3659506474.0,NA1,oYatVNN-YkHzIvxA_GbpH4K-uiqnIfrJYLJI3LDx5FtNQlG5_RdVm3xI,rickyyytan,_cabepNWPKIFoRr02pj7u1cMfI7UB-OwiBGR_anf6ycZ-xVa,NA1,oYatVNN-YkHzIvxA_GbpH4K-uiqnIfrJYLJI3LDx5FtNQlG5_RdVm3xI,/v1/stats/player_history/NA1/2350503162267744,1451
7,200,53,4,3,DUO_SUPPORT,BOTTOM,True,6664,3860,3050,3111,1011,1033,3364,4.0,4.0,12.0,2.0,1.0,1.0,555.0,0.0,0.0,0.0,0.0,0.0,28696.0,15718.0,8273.0,4703.0,0.0,9487.0,6425.0,2849.0,212.0,3482.0,1.0,25986.0,2878.0,352.0,51.0,38.0,24834.0,13025.0,10910.0,898.0,9647.0,8525.0,2.0,0.0,34.0,1.0,0.0,1.0,197.0,14.0,1.0,0.0,20.0,2.0,False,False,False,False,0.0,0.0,0.0,0.0,0.0,0.0,0.0,0.0,0.0,0.0,0.0,0.0,0.0,0.0,8351.0,23.0,0.0,0.0,8313.0,0.0,0.0,0.0,8345.0,3.0,0.0,0.0,8347.0,0.0,0.0,0.0,8451.0,203.0,0.0,0.0,8444.0,2290.0,0.0,0.0,8300.0,8400.0,5007.0,5002.0,5001.0,3659506474.0,NA,0JA8UsbCvRNFYMRh1rRmK7J5iodoAqCzXp3S-TovVyiwzg,Dopine,G3RhyYVpf4YKE0OX14KGFngLVthbrqrvpXKCfzRtnaZF-a8,NA1,0JA8UsbCvRNFYMRh1rRmK7J5iodoAqCzXp3S-TovVyiwzg,/v1/stats/player_history/NA/36934886,4793
8,200,67,7,4,DUO_CARRY,BOTTOM,True,1055,6673,0,3046,3031,3006,3364,5.0,2.0,6.0,4.0,1.0,1.0,1423.0,0.0,0.0,0.0,0.0,0.0,187240.0,0.0,161901.0,25338.0,615.0,11262.0,0.0,10648.0,613.0,6131.0,4.0,11317.0,11353.0,8090.0,33.0,8.0,21409.0,7524.0,13317.0,567.0,14461.0,11900.0,2.0,0.0,227.0,48.0,12.0,22.0,81.0,17.0,8.0,0.0,15.0,6.0,False,False,False,False,0.0,0.0,0.0,0.0,0.0,0.0,0.0,0.0,0.0,0.0,0.0,0.0,0.0,0.0,8021.0,2145.0,0.0,0.0,9111.0,160.0,220.0,0.0,9104.0,18.0,50.0,0.0,8014.0,281.0,0.0,0.0,8275.0,8.0,0.0,0.0,8236.0,28.0,0.0,0.0,8000.0,8200.0,5005.0,5008.0,5002.0,3659506474.0,NA1,fUZTuSwYnVCvEyz7639LR7XGQUx63ljqO5gWCRS9-zBy4l4Pd8TVeELX,DWG ShoeMaker1,MlQyTX2v_yuD94hDHemyxXzh9M5-glJINz4MAIt5D0p24TSU,NA1,fUZTuSwYnVCvEyz7639LR7XGQUx63ljqO5gWCRS9-zBy4l4Pd8TVeELX,/v1/stats/player_history/NA1/2486351492851136,4626
9,200,33,14,4,SOLO,TOP,True,1057,3068,3111,3076,3066,0,3340,1.0,5.0,8.0,0.0,1.0,0.0,558.0,0.0,0.0,0.0,0.0,0.0,46202.0,28233.0,11373.0,6596.0,0.0,3391.0,2342.0,932.0,116.0,2466.0,1.0,20059.0,3653.0,704.0,19.0,12.0,17116.0,9059.0,7468.0,588.0,8698.0,7025.0,1.0,1.0,44.0,13.0,4.0,1.0,267.0,12.0,1.0,0.0,10.0,0.0,False,False,False,False,0.0,0.0,0.0,0.0,0.0,0.0,0.0,0.0,0.0,0.0,0.0,0.0,0.0,0.0,8229.0,461.0,0.0,0.0,8226.0,250.0,100.0,0.0,8210.0,0.0,0.0,0.0,8236.0,28.0,0.0,0.0,8138.0,10.0,0.0,0.0,8105.0,11.0,4.0,0.0,8200.0,8100.0,5008.0,5008.0,5001.0,3659506474.0,NA1,5VFO4-HgbpGF4GtzU_IXM3HO4o0kCdK_uMNEw3YWGNJ20lp3nunc76BW,AsphaltAsparagus,-vUf7vuB8BjkLyJNowac2NftTfyiGnfYwu5HZVkK9xRo0S2O,NA1,5VFO4-HgbpGF4GtzU_IXM3HO4o0kCdK_uMNEw3YWGNJ20lp3nunc76BW,/v1/stats/player_history/NA1/2398630031706400,3539
10,200,24,4,11,NONE,JUNGLE,True,2031,3053,1042,3153,3111,3078,3364,12.0,4.0,2.0,4.0,2.0,4.0,651.0,2.0,0.0,0.0,0.0,0.0,129544.0,25093.0,94529.0,9921.0,0.0,13391.0,2525.0,10685.0,180.0,15871.0,1.0,19566.0,31137.0,1072.0,24.0,8.0,31804.0,12931.0,18042.0,830.0,13096.0,11433.0,1.0,0.0,28.0,117.0,80.0,3.0,161.0,15.0,0.0,0.0,6.0,5.0,False,False,False,False,0.0,0.0,0.0,0.0,0.0,0.0,0.0,0.0,0.0,0.0,0.0,0.0,0.0,0.0,8010.0,84.0,0.0,0.0,9111.0,879.0,280.0,0.0,9104.0,16.0,50.0,0.0,8014.0,531.0,0.0,0.0,8143.0,466.0,0.0,0.0,8135.0,5512.0,5.0,0.0,8000.0,8100.0,5005.0,5008.0,5002.0,3659506474.0,NA1,Wk1STSxsVYCTJwyZWVAIhnlDSs6kY6zevdhHKCUBghUA7AOaCXIycA8s,MasterFiera25,GbW_tjfxgRYMqF0sdneF6fERXY-L8z7djv15QB9L6_ruWMB_,NA1,Wk1STSxsVYCTJwyZWVAIhnlDSs6kY6zevdhHKCUBghUA7AOaCXIycA8s,/v1/stats/player_history/NA1/2097886528547744,4787
1,100,37,4,14,NONE,JUNGLE,True,6655,1001,3114,3853,1026,0,3364,2.0,4.0,6.0,0.0,1.0,0.0,489.0,0.0,0.0,0.0,0.0,0.0,17519.0,13778.0,2998.0,742.0,0.0,7581.0,5533.0,1306.0,742.0,5026.0,4.0,4411.0,2642.0,1942.0,25.0,12.0,9064.0,3019.0,5930.0,114.0,6169.0,6250.0,1.0,0.0,8.0,4.0,4.0,0.0,42.0,10.0,0.0,0.0,13.0,3.0,False,False,False,False,0.0,0.0,0.0,0.0,0.0,0.0,0.0,0.0,0.0,0.0,0.0,0.0,0.0,0.0,8214.0,417.0,1286.0,0.0,8226.0,250.0,470.0,0.0,8234.0,6264.0,0.0,0.0,8236.0,24.0,0.0,0.0,8463.0,131.0,0.0,0.0,8453.0,444.0,626.0,0.0,8200.0,8400.0,5008.0,5008.0,5002.0,3659470093.0,NA1,brgKBA63fLxe2DQuINY5DGZF_BnyjRBElV17VQ14bzdbLQ,Lifeofmine,9K-7nvbsn-XPKMif6ZjYh1fkuPg4d6yq5WVSIUOL4gcAtbI,NA1,brgKBA63fLxe2DQuINY5DGZF_BnyjRBElV17VQ14bzdbLQ,/v1/stats/player_history/NA1/43986540,3868
2,100,238,4,14,SOLO,MIDDLE,True,3047,6693,3134,1037,0,0,3340,4.0,3.0,6.0,2.0,1.0,1.0,320.0,0.0,0.0,0.0,0.0,0.0,81235.0,4288.0,74525.0,2422.0,0.0,6364.0,273.0,5948.0,142.0,1764.0,1.0,4729.0,11692.0,4156.0,12.0,2.0,10002.0,4670.0,5069.0,262.0,8289.0,6700.0,2.0,0.0,117.0,4.0,0.0,0.0,55.0,13.0,1.0,0.0,6.0,1.0,False,False,False,False,0.0,0.0,0.0,0.0,0.0,0.0,0.0,0.0,0.0,0.0,0.0,0.0,0.0,0.0,8112.0,459.0,0.0,0.0,8139.0,806.0,0.0,0.0,8138.0,18.0,0.0,0.0,8106.0,3.0,0.0,0.0,9111.0,388.0,200.0,0.0,8014.0,183.0,0.0,0.0,8100.0,8000.0,5008.0,5008.0,5003.0,3659470093.0,NA1,s-DIXM0S13u9eYkYcPG2WkDCV8vVqtTHpfwccYHkIE6y9g,OMGItsABobTree,XOrfH7SXzwg7EHDK6KzLeWK3gj8K7WOXggO-csAeyqknyd0,NA1,s-DIXM0S13u9eYkYcPG2WkDCV8vVqtTHpfwccYHkIE6y9g,/v1/stats/player_history/NA1/50258931,657
3,100,154,11,4,NONE,JUNGLE,True,3068,2031,0,2422,1029,0,3340,0.0,0.0,9.0,0.0,0.0,0.0,0.0,0.0,0.0,0.0,0.0,0.0,59142.0,40629.0,12115.0,6397.0,0.0,3374.0,2528.0,613.0,231.0,14302.0,4.0,8191.0,11726.0,0.0,11.0,16.0,13203.0,2793.0,10211.0,198.0,5392.0,4000.0,0.0,0.0,9.0,62.0,43.0,2.0,208.0,10.0,0.0,0.0,6.0,1.0,False,False,False,False,0.0,0.0,0.0,0.0,0.0,0.0,0.0,0.0,0.0,0.0,0.0,0.0,0.0,0.0,8439.0,263.0,0.0,0.0,8463.0,328.0,0.0,0.0,8429.0,42.0,15.0,14.0,8451.0,33.0,0.0,0.0,8304.0,9.0,4.0,5.0,8347.0,0.0,0.0,0.0,8400.0,8300.0,5007.0,5003.0,5003.0,3659470093.0,NA1,SLYDs5WI-R-zPCtEHFOGc9lNG02wP2tjrh_09MuAQkmXcck,Z3alousy,M6ox3bhV1qI8rm0Knf_WgBjABekHGIOv3nGeXWq58GgzhiA,NA1,SLYDs5WI-R-zPCtEHFOGc9lNG02wP2tjrh_09MuAQkmXcck,/v1/stats/player_history/NA1/234090501,4777
4,100,114,4,12,NONE,JUNGLE,True,3047,6631,1028,3074,1057,3051,3364,20.0,4.0,2.0,9.0,2.0,4.0,439.0,2.0,0.0,0.0,0.0,0.0,77420.0,1673.0,66216.0,9530.0,479.0,20941.0,732.0,15800.0,4408.0,11028.0,4.0,18531.0,4034.0,4034.0,10.0,14.0,23950.0,4493.0,19008.0,447.0,11642.0,10675.0,1.0,0.0,88.0,10.0,0.0,10.0,137.0,14.0,1.0,0.0,5.0,1.0,False,False,False,True,0.0,0.0,0.0,0.0,0.0,0.0,0.0,0.0,0.0,0.0,0.0,0.0,0.0,0.0,8010.0,656.0,0.0,0.0,9111.0,1594.0,440.0,0.0,9105.0,9.0,10.0,0.0,8299.0,686.0,0.0,0.0,8446.0,1038.0,0.0,0.0,8473.0,697.0,0.0,0.0,8000.0,8400.0,5005.0,5008.0,5002.0,3659470093.0,NA1,JKhGaGYZKLZ_0KfY-oREnwvJge9sfJwxs1FdFh3TUZuU1LmAPyvyDzDZ,SanguineWav3,3ZcHY0XYrt_uWiOy2mQEV2I4oHs5CEIX0KEdmfrdnb1d0J_P,NA1,JKhGaGYZKLZ_0KfY-oREnwvJge9sfJwxs1FdFh3TUZuU1LmAPyvyDzDZ,/v1/stats/player_history/NA1/2556780042003744,3545
5,100,222,7,4,SOLO,BOTTOM,True,1083,6672,3094,3006,0,0,3340,5.0,3.0,2.0,2.0,2.0,2.0,529.0,1.0,0.0,0.0,0.0,0.0,62773.0,2597.0,55071.0,5105.0,327.0,7448.0,457.0,6658.0,332.0,1764.0,2.0,4891.0,3188.0,3188.0,6.0,8.0,9528.0,2543.0,6902.0,82.0,7836.0,7700.0,0.0,0.0,111.0,0.0,0.0,0.0,25.0,10.0,0.0,0.0,4.0,0.0,False,False,False,False,0.0,0.0,0.0,0.0,0.0,0.0,0.0,0.0,0.0,0.0,0.0,0.0,0.0,0.0,8008.0,1.0,10.0,0.0,9111.0,214.0,140.0,0.0,9103.0,0.0,0.0,0.0,8014.0,146.0,0.0,0.0,8275.0,6.0,0.0,0.0,8236.0,14.0,0.0,0.0,8000.0,8200.0,5005.0,5008.0,5002.0,3659470093.0,NA1,f4zoq6vpV1rds1wU15Q-cpuukeWVXNU2gf4yajFSYVBjlifb_Y_c0cv2,Stookems,txtMkuqfRmbe-fiw_qbnIxOguXy3NrMvD1XZ_iUSroioddJB,NA1,f4zoq6vpV1rds1wU15Q-cpuukeWVXNU2gf4yajFSYVBjlifb_Y_c0cv2,/v1/stats/player_history/NA1/2083759537613792,4804
6,200,51,4,7,DUO_CARRY,BOTTOM,False,1055,3095,3006,1038,1018,1037,3340,4.0,7.0,4.0,2.0,1.0,1.0,286.0,0.0,0.0,0.0,0.0,0.0,62907.0,3898.0,56288.0,2720.0,659.0,11628.0,1301.0,10327.0,0.0,2393.0,2.0,5714.0,2597.0,2597.0,3.0,13.0,13329.0,3952.0,8244.0,1131.0,7614.0,7075.0,1.0,0.0,107.0,0.0,0.0,0.0,47.0,11.0,0.0,0.0,1.0,1.0,True,False,False,False,0.0,0.0,0.0,0.0,0.0,0.0,0.0,0.0,0.0,0.0,0.0,0.0,0.0,0.0,8021.0,887.0,0.0,0.0,8009.0,757.0,0.0,0.0,9103.0,0.0,0.0,0.0,8014.0,216.0,0.0,0.0,8275.0,7.0,0.0,0.0,8236.0,14.0,0.0,0.0,8000.0,8200.0,5005.0,5008.0,5002.0,3659470093.0,NA1,UFDBqoG4QGNETWR_ibkf2Etmt6lIeVbkUAyhtkf0g0m107I,You jst died m8,H6A8nysQoCD27rlQQtqyFVpO5P24-x1whK9GBk31d0u7E3A,NA1,UFDBqoG4QGNETWR_ibkf2Etmt6lIeVbkUAyhtkf0g0m107I,/v1/stats/player_history/NA1/206308272,4404
7,200,117,4,14,DUO_SUPPORT,BOTTOM,False,3009,3853,6617,2055,6616,1028,3364,4.0,2.0,4.0,4.0,1.0,1.0,1078.0,0.0,0.0,0.0,0.0,0.0,20254.0,16184.0,3585.0,484.0,0.0,6726.0,5177.0,1184.0,364.0,470.0,1.0,3843.0,697.0,697.0,22.0,26.0,8091.0,2555.0,4979.0,556.0,7245.0,6950.0,0.0,0.0,14.0,0.0,0.0,0.0,235.0,9.0,2.0,0.0,7.0,6.0,False,False,False,False,0.0,0.0,0.0,0.0,0.0,0.0,0.0,0.0,0.0,0.0,0.0,0.0,0.0,0.0,8214.0,564.0,266.0,0.0,8226.0,250.0,115.0,0.0,8210.0,0.0,0.0,0.0,8237.0,290.0,0.0,0.0,8345.0,3.0,0.0,0.0,8347.0,0.0,0.0,0.0,8200.0,8300.0,5008.0,5008.0,5002.0,3659470093.0,NA1,GXD2i-pJmtP2Zg_qu26w37kSSPD6RLvrnrHfwt_f1od7zZ0,Radrians,JQmlfvxjQ0uKn8yziRjtSUmrmSu-d1l9u8_kBvwFkRTbIaQ,NA1,GXD2i-pJmtP2Zg_qu26w37kSSPD6RLvrnrHfwt_f1od7zZ0,/v1/stats/player_history/NA1/227138077,4658
8,200,62,4,12,DUO,MIDDLE,False,2033,3078,3047,1053,0,0,3340,1.0,8.0,1.0,0.0,1.0,0.0,213.0,0.0,0.0,0.0,0.0,0.0,54624.0,14750.0,37856.0,2017.0,0.0,7570.0,1823.0,5614.0,132.0,1188.0,1.0,8993.0,4459.0,4459.0,10.0,7.0,13801.0,1717.0,10039.0,2044.0,6235.0,5833.0,1.0,0.0,100.0,0.0,0.0,0.0,22.0,11.0,0.0,0.0,6.0,0.0,False,False,False,False,0.0,0.0,0.0,0.0,0.0,0.0,0.0,0.0,0.0,0.0,0.0,0.0,0.0,0.0,8010.0,209.0,0.0,0.0,9111.0,91.0,40.0,0.0,9105.0,0.0,0.0,0.0,8014.0,234.0,0.0,0.0,8126.0,152.0,0.0,0.0,8135.0,1090.0,2.0,0.0,8000.0,8100.0,5005.0,5002.0,5002.0,3659470093.0,NA1,G8HTewO9F-R9P0tpDyN4HwKZ_ti14ftyhfZ9cML53qvv0cX90wxlj8H9,Xzheng007,S4wbnDebrmgrrXZHa9rN8WkAbsWI5KVPw8Vln4l-2lL7uK75,NA1,G8HTewO9F-R9P0tpDyN4HwKZ_ti14ftyhfZ9cML53qvv0cX90wxlj8H9,/v1/stats/player_history/NA1/2192831880563296,4787
9,200,24,11,4,NONE,JUNGLE,False,3051,2031,3111,3057,3067,0,3340,1.0,7.0,0.0,0.0,1.0,0.0,357.0,0.0,0.0,0.0,0.0,0.0,52004.0,14092.0,32497.0,5414.0,0.0,1804.0,480.0,1323.0,0.0,5726.0,1.0,9144.0,285.0,0.0,2.0,3.0,16423.0,2717.0,13110.0,595.0,5012.0,4200.0,0.0,0.0,7.0,72.0,64.0,0.0,170.0,8.0,0.0,0.0,0.0,0.0,False,False,False,False,0.0,0.0,0.0,0.0,0.0,0.0,0.0,0.0,0.0,0.0,0.0,0.0,0.0,0.0,8010.0,0.0,0.0,0.0,9111.0,31.0,20.0,0.0,9104.0,0.0,0.0,0.0,8014.0,79.0,0.0,0.0,8135.0,690.0,1.0,0.0,8143.0,63.0,0.0,0.0,8000.0,8100.0,5005.0,5008.0,5002.0,3659470093.0,NA1,SKzouKVx5FvDGTk97CGoKMYkdJr1NgctBbZgEOKfFJagReQZd51f-T-Z,PegMePAPI,DAE7Ew8iq4izwbc2SsyACBWdcUPAy5DLrYFtr1F3Hmfqy32PhpDeBwD2Zg,NA1,SKzouKVx5FvDGTk97CGoKMYkdJr1NgctBbZgEOKfFJagReQZd51f-T-Z,/v1/stats/player_history/NA1/2569843880142336,28
10,200,131,4,14,DUO,MIDDLE,False,3157,3020,1043,1026,1056,1052,3340,4.0,7.0,0.0,0.0,1.0,0.0,251.0,0.0,0.0,0.0,0.0,0.0,66776.0,45250.0,11677.0,9848.0,0.0,8603.0,7025.0,969.0,608.0,1324.0,1.0,11930.0,587.0,587.0,18.0,2.0,11654.0,428.0,9698.0,1527.0,7270.0,6610.0,0.0,0.0,95.0,4.0,0.0,0.0,9.0,11.0,3.0,0.0,9.0,1.0,False,False,False,False,0.0,0.0,0.0,0.0,0.0,0.0,0.0,0.0,0.0,0.0,0.0,0.0,0.0,0.0,8010.0,52.0,0.0,0.0,9111.0,85.0,80.0,0.0,9104.0,0.0,0.0,0.0,8014.0,126.0,0.0,0.0,8139.0,783.0,0.0,0.0,8135.0,701.0,2.0,0.0,8000.0,8100.0,5005.0,5008.0,5002.0,3659470093.0,NA1,oYatVNN-YkHzIvxA_GbpH4K-uiqnIfrJYLJI3LDx5FtNQlG5_RdVm3xI,rickyyytan,_cabepNWPKIFoRr02pj7u1cMfI7UB-OwiBGR_anf6ycZ-xVa,NA1,oYatVNN-YkHzIvxA_GbpH4K-uiqnIfrJYLJI3LDx5FtNQlG5_RdVm3xI,/v1/stats/player_history/NA1/2350503162267744,1451
1,100,360,7,4,DUO_CARRY,BOTTOM,False,3065,6673,3508,3072,3111,3123,3340,20.0,11.0,8.0,4.0,4.0,7.0,339.0,5.0,1.0,1.0,0.0,0.0,148832.0,19724.0,124463.0,4644.0,463.0,39215.0,7239.0,28643.0,3332.0,6762.0,4.0,31103.0,7610.0,2809.0,16.0,7.0,36127.0,11052.0,24316.0,758.0,15885.0,15850.0,2.0,0.0,115.0,16.0,5.0,3.0,60.0,15.0,0.0,0.0,10.0,1.0,False,False,False,False,0.0,0.0,0.0,0.0,0.0,0.0,0.0,0.0,0.0,0.0,0.0,0.0,0.0,0.0,8010.0,681.0,0.0,0.0,8009.0,2360.0,0.0,0.0,9103.0,16.0,30.0,0.0,8014.0,1152.0,0.0,0.0,8139.0,1079.0,0.0,0.0,8135.0,3595.0,5.0,0.0,8000.0,8100.0,5005.0,5008.0,5002.0,3658707400.0,NA1,n3QnscwSFTeiK_rSw4WxX1830ipuJkc3eOSFOFy4wU1UvV0ek20jiRgd,BlackBulls002,VkM-Y5KFQOhnPmtV0KA8dvVYyKtjJ1_LO2tBk2ymZFqkEdEC,NA1,n3QnscwSFTeiK_rSw4WxX1830ipuJkc3eOSFOFy4wU1UvV0ek20jiRgd,/v1/stats/player_history/NA1/2529575149020672,23
2,100,45,4,3,DUO_SUPPORT,BOTTOM,False,3050,3193,3853,6662,3067,3111,3340,8.0,9.0,18.0,3.0,1.0,1.0,740.0,0.0,0.0,0.0,0.0,0.0,74879.0,70606.0,3778.0,493.0,0.0,25754.0,23816.0,1534.0,403.0,190.0,1.0,44903.0,2109.0,598.0,18.0,50.0,27591.0,11371.0,15532.0,688.0,12267.0,11300.0,0.0,0.0,64.0,8.0,0.0,8.0,405.0,14.0,0.0,0.0,11.0,0.0,False,False,False,False,0.0,0.0,0.0,0.0,0.0,0.0,0.0,0.0,0.0,0.0,0.0,0.0,0.0,0.0,8465.0,3212.0,0.0,0.0,8446.0,385.0,0.0,0.0,8429.0,63.0,19.0,18.0,8451.0,205.0,0.0,0.0,8009.0,3334.0,0.0,0.0,8014.0,537.0,0.0,0.0,8400.0,8000.0,5008.0,5008.0,5003.0,3658707400.0,NA1,sFQC1W7kH9ZbMN8yBmgxRRRFSd78bea3DIbIdy-8eVYRnDM,TheFirstAxel,puneO9oOwRqMU4_LP-FUSYyMsAM_VkczWUyB6hLLfM3kbiI,NA1,sFQC1W7kH9ZbMN8yBmgxRRRFSd78bea3DIbIdy-8eVYRnDM,/v1/stats/player_history/NA1/233271456,4575
3,100,254,11,4,NONE,JUNGLE,False,3047,1043,3071,6630,1053,1037,3340,5.0,9.0,7.0,3.0,1.0,1.0,598.0,0.0,0.0,0.0,0.0,0.0,146152.0,8073.0,124502.0,13577.0,0.0,23409.0,0.0,19643.0,3766.0,12428.0,1.0,43566.0,17858.0,0.0,18.0,38.0,39893.0,12067.0,26799.0,1026.0,11166.0,10975.0,0.0,0.0,19.0,132.0,91.0,4.0,327.0,15.0,0.0,0.0,7.0,0.0,False,False,False,False,0.0,0.0,0.0,0.0,0.0,0.0,0.0,0.0,0.0,0.0,0.0,0.0,0.0,0.0,8010.0,1050.0,0.0,0.0,9111.0,1192.0,240.0,0.0,9104.0,16.0,30.0,0.0,8014.0,353.0,0.0,0.0,8143.0,596.0,0.0,0.0,8135.0,4846.0,5.0,0.0,8000.0,8100.0,5005.0,5008.0,5002.0,3658707400.0,NA1,rxsmG82mlMeCTPnIfvbhglBp_f6WHw1JTWlgUs1o_6lo7xg,slashboy12,5vexWibWFpskChiS2EFRA1GX5Dy6OwSxb_PDQ_NfOFuIxlo,NA1,rxsmG82mlMeCTPnIfvbhglBp_f6WHw1JTWlgUs1o_6lo7xg,/v1/stats/player_history/NA1/234383978,4803
4,100,142,4,14,SOLO,MIDDLE,False,2055,6655,3020,1056,3165,1058,3340,6.0,9.0,8.0,0.0,1.0,0.0,364.0,0.0,0.0,0.0,0.0,0.0,81966.0,65558.0,12763.0,3645.0,259.0,23572.0,19134.0,1439.0,2998.0,3349.0,2.0,10541.0,5872.0,2819.0,41.0,37.0,21749.0,7021.0,13918.0,809.0,9318.0,8975.0,1.0,0.0,91.0,0.0,0.0,0.0,132.0,14.0,3.0,0.0,11.0,4.0,False,False,False,False,0.0,0.0,0.0,0.0,0.0,0.0,0.0,0.0,0.0,0.0,0.0,0.0,0.0,0.0,8112.0,1245.0,0.0,0.0,8143.0,424.0,0.0,0.0,8120.0,3.0,30.0,9.0,8135.0,2282.0,5.0,0.0,8275.0,24.0,0.0,0.0,8210.0,12.0,0.0,0.0,8100.0,8200.0,5008.0,5008.0,5003.0,3658707400.0,NA1,oYatVNN-YkHzIvxA_GbpH4K-uiqnIfrJYLJI3LDx5FtNQlG5_RdVm3xI,rickyyytan,_cabepNWPKIFoRr02pj7u1cMfI7UB-OwiBGR_anf6ycZ-xVa,NA1,oYatVNN-YkHzIvxA_GbpH4K-uiqnIfrJYLJI3LDx5FtNQlG5_RdVm3xI,/v1/stats/player_history/NA1/2350503162267744,1451
5,100,23,4,14,SOLO,TOP,False,6672,1018,1038,3006,0,6675,3340,3.0,11.0,5.0,2.0,1.0,1.0,275.0,0.0,0.0,0.0,0.0,0.0,141835.0,0.0,134208.0,7626.0,632.0,15107.0,0.0,12527.0,2580.0,4899.0,1.0,23780.0,12320.0,8695.0,6.0,8.0,30085.0,4571.0,25308.0,205.0,10707.0,10025.0,3.0,0.0,146.0,15.0,7.0,8.0,85.0,15.0,1.0,0.0,4.0,0.0,True,False,False,False,0.0,0.0,0.0,0.0,0.0,0.0,0.0,0.0,0.0,0.0,0.0,0.0,0.0,0.0,8010.0,432.0,0.0,0.0,9111.0,667.0,160.0,0.0,9105.0,25.0,50.0,0.0,8299.0,906.0,0.0,0.0,8473.0,637.0,0.0,0.0,8451.0,188.0,0.0,0.0,8000.0,8400.0,5008.0,5008.0,5002.0,3658707400.0,NA1,1U8jYCoCYZsyty1mIHJzw743krjKMQHoedHjUMBFbQBtzay_59a2y1nE,TwoBContinued,53CYjkPmW_xjfUPnhBmx3p_P_5ThqoZwZYsz_dVOWS2xLKbZ,NA1,1U8jYCoCYZsyty1mIHJzw743krjKMQHoedHjUMBFbQBtzay_59a2y1nE,/v1/stats/player_history/NA1/2469394497070976,4069
6,200,64,11,4,NONE,JUNGLE,True,6630,1036,3047,6333,3067,3133,3340,10.0,7.0,15.0,6.0,2.0,2.0,831.0,1.0,0.0,0.0,0.0,0.0,118956.0,35681.0,68204.0,15071.0,0.0,18390.0,4563.0,12723.0,1103.0,10501.0,1.0,28638.0,18735.0,1694.0,13.0,25.0,29758.0,12011.0,15885.0,1861.0,12143.0,10250.0,4.0,0.0,31.0,96.0,77.0,0.0,451.0,15.0,0.0,0.0,8.0,0.0,False,False,False,False,0.0,0.0,0.0,0.0,0.0,0.0,0.0,0.0,0.0,0.0,0.0,0.0,0.0,0.0,8112.0,1265.0,0.0,0.0,8139.0,878.0,0.0,0.0,8138.0,18.0,0.0,0.0,8135.0,3915.0,5.0,0.0,9111.0,451.0,500.0,0.0,8014.0,438.0,0.0,0.0,8100.0,8000.0,5005.0,5008.0,5002.0,3658707400.0,NA1,DpEOfm5HC4PM4oe_N-JVEycd15QtlthQcbi0f83HjiOzksE,Sneaky812,3v4dOyOokHWnVhkqDEVYcL3EUeR0UjqPVRiTbmypatrFhW0,NA1,DpEOfm5HC4PM4oe_N-JVEycd15QtlthQcbi0f83HjiOzksE,/v1/stats/player_history/NA1/237423545,4652
7,200,99,14,4,SOLO,MIDDLE,True,3157,1056,6655,1026,3020,1058,3340,12.0,8.0,17.0,3.0,2.0,4.0,392.0,2.0,0.0,0.0,0.0,0.0,83741.0,70876.0,11409.0,1455.0,0.0,23272.0,20611.0,1465.0,1195.0,1937.0,1.0,10616.0,4531.0,2928.0,14.0,46.0,15718.0,5521.0,9230.0,966.0,11899.0,11450.0,1.0,0.0,87.0,4.0,0.0,4.0,301.0,15.0,0.0,0.0,8.0,1.0,False,False,False,False,0.0,0.0,0.0,0.0,0.0,0.0,0.0,0.0,0.0,0.0,0.0,0.0,0.0,0.0,8229.0,1854.0,0.0,0.0,8226.0,250.0,759.0,0.0,8234.0,8267.0,0.0,0.0,8237.0,574.0,0.0,0.0,8313.0,0.0,0.0,0.0,8345.0,3.0,0.0,0.0,8200.0,8300.0,5008.0,5008.0,5003.0,3658707400.0,NA1,j3B27B_anZuSxWwj7rIVz5FAl3MJMvRrER5pr8XobA6UH0c,ppcute,JiL3IXKo61Ul9vMhYwsHsSS2vZF_PeTtY-1bEG6UHUSphh4,NA1,j3B27B_anZuSxWwj7rIVz5FAl3MJMvRrER5pr8XobA6UH0c,/v1/stats/player_history/NA1/242006893,1296
8,200,147,7,4,DUO_SUPPORT,BOTTOM,True,3853,1001,3070,3116,3165,1052,3340,1.0,12.0,24.0,0.0,1.0,0.0,269.0,0.0,0.0,0.0,0.0,0.0,60813.0,56670.0,4142.0,0.0,0.0,16623.0,14694.0,1928.0,0.0,6534.0,4.0,11301.0,1371.0,1131.0,36.0,57.0,25840.0,10978.0,14418.0,444.0,8909.0,7910.0,0.0,0.0,41.0,0.0,0.0,0.0,434.0,14.0,1.0,0.0,18.0,2.0,False,False,False,False,0.0,0.0,0.0,0.0,0.0,0.0,0.0,0.0,0.0,0.0,0.0,0.0,0.0,0.0,8229.0,2040.0,0.0,0.0,8226.0,250.0,746.0,0.0,8210.0,43.0,0.0,0.0,8236.0,48.0,0.0,0.0,8345.0,3.0,0.0,0.0,8352.0,109.0,749.0,39.0,8200.0,8300.0,5007.0,5008.0,5002.0,3658707400.0,NA1,qYgQGFKHmKUAthCgUZiYS-En3nH4lZNavKeBfAUylJm0e9s,CYBER RYOT,prTp46s6L-8emehdHP82H2F4z35KDS0BpqW95hunJN89sfM,NA1,qYgQGFKHmKUAthCgUZiYS-En3nH4lZNavKeBfAUylJm0e9s,/v1/stats/player_history/NA1/221429721,4765
9,200,145,4,7,DUO_CARRY,BOTTOM,True,6671,3033,3006,1052,3004,3124,3340,7.0,6.0,18.0,2.0,1.0,3.0,346.0,0.0,0.0,0.0,0.0,0.0,142522.0,14176.0,124953.0,3391.0,322.0,22903.0,5792.0,17111.0,0.0,9845.0,2.0,13658.0,15813.0,3478.0,21.0,0.0,24616.0,8678.0,15371.0,566.0,13935.0,13560.0,1.0,1.0,173.0,10.0,5.0,0.0,0.0,16.0,1.0,0.0,12.0,1.0,False,False,False,False,0.0,0.0,0.0,0.0,0.0,0.0,0.0,0.0,0.0,0.0,0.0,0.0,0.0,0.0,9923.0,71.0,76.0,0.0,8139.0,1237.0,0.0,0.0,8138.0,18.0,0.0,0.0,8135.0,5314.0,5.0,0.0,9111.0,1081.0,500.0,0.0,9103.0,21.0,0.0,0.0,8100.0,8000.0,5005.0,5008.0,5002.0,3658707400.0,NA1,CQlxCgEyBrelzwBWfOhJgNi-xcVgi_9aVcM3rc3JhK9wjvP0TAHdeQKP,ExtraaaMayo,fS12iTarXSlH3WPB0TdxWJ6wR-KksHn0yAfLcmB6OwhW-Xff,NA1,CQlxCgEyBrelzwBWfOhJgNi-xcVgi_9aVcM3rc3JhK9wjvP0TAHdeQKP,/v1/stats/player_history/NA1/2180046726564288,4795
10,200,266,12,4,SOLO,TOP,True,3044,6630,6333,3047,3071,1037,3340,19.0,9.0,11.0,8.0,2.0,4.0,711.0,2.0,0.0,0.0,0.0,0.0,145032.0,0.0,136848.0,8184.0,0.0,49520.0,0.0,48332.0,1188.0,29744.0,1.0,56339.0,8469.0,4488.0,15.0,48.0,56702.0,15032.0,31359.0,10311.0,16029.0,13425.0,1.0,0.0,142.0,4.0,0.0,1.0,210.0,16.0,0.0,0.0,9.0,1.0,False,False,True,False,0.0,0.0,0.0,0.0,0.0,0.0,0.0,0.0,0.0,0.0,0.0,0.0,0.0,0.0,8010.0,1561.0,0.0,0.0,9111.0,1629.0,600.0,0.0,9103.0,21.0,40.0,0.0,8299.0,1494.0,0.0,0.0,8139.0,1849.0,0.0,0.0,8135.0,4289.0,5.0,0.0,8000.0,8100.0,5008.0,5008.0,5002.0,3658707400.0,NA1,4QkFlaXTdaSLnWu3mxHFqu4uGWwSWGvhtP5r9nvf1a6skeE,Scrublordkayn,UJeACAUlu8VdBYx6QMAu37Z_TwEIp_GSYhWT-skNxLt01u4,NA1,4QkFlaXTdaSLnWu3mxHFqu4uGWwSWGvhtP5r9nvf1a6skeE,/v1/stats/player_history/NA1/210024915,4652
1,100,876,4,11,NONE,JUNGLE,False,6655,2031,3111,3157,3116,1028,3340,5.0,9.0,8.0,2.0,2.0,2.0,521.0,1.0,0.0,0.0,0.0,0.0,142865.0,91564.0,15576.0,35725.0,0.0,13905.0,10157.0,833.0,2914.0,9805.0,1.0,21109.0,18020.0,307.0,13.0,25.0,36646.0,13226.0,22488.0,931.0,11283.0,10900.0,1.0,0.0,43.0,104.0,69.0,4.0,415.0,16.0,0.0,0.0,4.0,1.0,False,False,False,False,0.0,0.0,0.0,0.0,0.0,0.0,0.0,0.0,0.0,0.0,0.0,0.0,0.0,0.0,8128.0,714.0,11.0,0.0,8143.0,138.0,0.0,0.0,8138.0,30.0,0.0,0.0,8135.0,3367.0,5.0,0.0,8234.0,18098.0,0.0,0.0,8232.0,5.0,30.0,0.0,8100.0,8200.0,5005.0,5008.0,5002.0,3658441679.0,NA1,o9KfS-YvEdpJ8i-I0tBVDBGCof6D4LBmT0rdHmb_lTebIBo,blackops4132,1T4OxpNHDqPlcgtpq6hJfv7w2tS-bBc3lgNIKMzxXTiAi0w,NA1,o9KfS-YvEdpJ8i-I0tBVDBGCof6D4LBmT0rdHmb_lTebIBo,/v1/stats/player_history/NA1/221995247,4774
2,100,111,14,4,DUO_SUPPORT,BOTTOM,False,3857,3068,3193,3076,3047,1057,3340,6.0,13.0,4.0,0.0,1.0,0.0,322.0,0.0,0.0,0.0,0.0,0.0,95858.0,70063.0,20022.0,5772.0,8.0,11420.0,7436.0,2718.0,1265.0,1313.0,1.0,46494.0,3658.0,1596.0,40.0,44.0,30287.0,11282.0,17095.0,1909.0,10959.0,9700.0,0.0,1.0,61.0,18.0,9.0,4.0,475.0,14.0,0.0,0.0,25.0,0.0,False,False,False,False,0.0,0.0,0.0,0.0,0.0,0.0,0.0,0.0,0.0,0.0,0.0,0.0,0.0,0.0,8439.0,671.0,0.0,0.0,8401.0,379.0,0.0,0.0,8444.0,974.0,0.0,0.0,8451.0,198.0,0.0,0.0,8345.0,3.0,0.0,0.0,8347.0,0.0,0.0,0.0,8400.0,8300.0,5005.0,5008.0,5001.0,3658441679.0,NA1,lOXESalnkAVthazukssc1PaV-49Vi1RPDTfLwXcV2AdRr3g,FadedO5,vPs9iXI1W3ve6QUlVg0e-pYeIid2eqVJTDRfyS4R9V8BAb8,NA1,lOXESalnkAVthazukssc1PaV-49Vi1RPDTfLwXcV2AdRr3g,/v1/stats/player_history/NA1/238613500,4668
3,100,75,4,12,SOLO,TOP,False,4401,3078,3111,3742,0,0,3340,6.0,11.0,9.0,2.0,1.0,1.0,305.0,0.0,0.0,0.0,0.0,0.0,95496.0,14888.0,80382.0,225.0,0.0,13786.0,4304.0,9257.0,225.0,507.0,1.0,33120.0,8545.0,8202.0,7.0,13.0,35482.0,14280.0,20239.0,962.0,12562.0,10833.0,3.0,0.0,123.0,2.0,1.0,0.0,102.0,14.0,0.0,0.0,4.0,0.0,False,False,False,False,0.0,0.0,0.0,0.0,0.0,0.0,0.0,0.0,0.0,0.0,0.0,0.0,0.0,0.0,8437.0,879.0,666.0,0.0,8446.0,2814.0,0.0,0.0,8429.0,68.0,16.0,16.0,8451.0,186.0,0.0,0.0,8347.0,0.0,0.0,0.0,8345.0,3.0,0.0,0.0,8400.0,8300.0,5007.0,5002.0,5002.0,3658441679.0,NA1,wFT-ei52Xugc50i1J-bzBM98tAlrThIaxrZ8-jqDg3jFTCeyDP18Y2tH,Fish Number ,Ta6KhnrUQGCJgnQLHYnpjzB6Br82gyhdV0yWsKO2IBECU1IS,NA1,wFT-ei52Xugc50i1J-bzBM98tAlrThIaxrZ8-jqDg3jFTCeyDP18Y2tH,/v1/stats/player_history/NA1/2309504344132416,4783
4,100,202,4,7,DUO_CARRY,BOTTOM,False,3031,3095,3094,3009,6670,1018,3363,7.0,10.0,13.0,6.0,1.0,1.0,846.0,0.0,0.0,0.0,0.0,0.0,149143.0,9657.0,137357.0,2129.0,1431.0,20493.0,3175.0,16668.0,649.0,7226.0,3.0,10798.0,3511.0,914.0,9.0,35.0,29877.0,15169.0,14116.0,590.0,13452.0,15600.0,0.0,1.0,149.0,22.0,9.0,12.0,111.0,15.0,0.0,0.0,7.0,1.0,False,False,False,False,0.0,0.0,0.0,0.0,0.0,0.0,0.0,0.0,0.0,0.0,0.0,0.0,0.0,0.0,8021.0,2010.0,0.0,0.0,8009.0,2086.0,0.0,0.0,9103.0,23.0,40.0,0.0,8014.0,430.0,0.0,0.0,8275.0,13.0,0.0,0.0,8236.0,28.0,0.0,0.0,8000.0,8200.0,5008.0,5008.0,5002.0,3658441679.0,NA1,6l5hUfHm-WBZw7lPuvkO-jZBt4Yitgm2Inbdb0daXcCGKPHBHp6AQ5OW,BatratQ,pzkVE_0r1PROaV_OQ2vmwV7IhynvFqSYPlOu5ubD80z_cDj0,NA1,6l5hUfHm-WBZw7lPuvkO-jZBt4Yitgm2Inbdb0daXcCGKPHBHp6AQ5OW,/v1/stats/player_history/NA1/2436784147712032,4659
5,100,8,4,14,SOLO,MIDDLE,False,2421,4633,3020,4629,3165,3089,3340,13.0,9.0,3.0,2.0,2.0,4.0,1017.0,1.0,0.0,0.0,0.0,0.0,188475.0,154008.0,27201.0,7265.0,0.0,36541.0,31031.0,1645.0,3864.0,34463.0,1.0,21618.0,8470.0,8400.0,22.0,3.0,49075.0,17789.0,29229.0,2056.0,16692.0,14750.0,3.0,0.0,183.0,32.0,24.0,4.0,94.0,17.0,0.0,0.0,15.0,0.0,False,False,True,False,0.0,0.0,0.0,0.0,0.0,0.0,0.0,0.0,0.0,0.0,0.0,0.0,0.0,0.0,8437.0,833.0,552.0,0.0,8446.0,3204.0,0.0,0.0,8473.0,1240.0,0.0,0.0,8451.0,242.0,0.0,0.0,8126.0,835.0,0.0,0.0,8134.0,19.0,4.0,0.0,8400.0,8100.0,5007.0,5008.0,5003.0,3658441679.0,NA1,fUhEEhqsCXJXje2jh3NUa_E_usdjzUOMS0BYoDB9Kf4RXzW3eb17dlHl,Vegangriller,sIzJ1dyaP1cpyUyXMtH0hJBWCaW19Wm3d8ETEJFNamsu23N6,NA1,fUhEEhqsCXJXje2jh3NUa_E_usdjzUOMS0BYoDB9Kf4RXzW3eb17dlHl,/v1/stats/player_history/NA1/2438260143474368,3590
6,200,9,11,4,NONE,JUNGLE,True,3020,3165,3116,3157,4637,1058,3330,11.0,3.0,11.0,5.0,2.0,2.0,1102.0,2.0,0.0,0.0,0.0,0.0,191435.0,163346.0,15549.0,12540.0,0.0,23807.0,22497.0,724.0,586.0,23604.0,1.0,26885.0,22061.0,2481.0,47.0,59.0,40087.0,14925.0,24294.0,868.0,15794.0,13975.0,1.0,2.0,59.0,132.0,94.0,4.0,1233.0,17.0,1.0,0.0,1.0,1.0,False,False,False,False,0.0,0.0,0.0,0.0,0.0,0.0,0.0,0.0,0.0,0.0,0.0,0.0,0.0,0.0,8112.0,1082.0,0.0,0.0,8143.0,466.0,0.0,0.0,8138.0,30.0,0.0,0.0,8106.0,5.0,0.0,0.0,9111.0,1050.0,440.0,0.0,8014.0,533.0,0.0,0.0,8100.0,8000.0,5008.0,5008.0,5002.0,3658441679.0,NA1,mBjQyr8cwyOMuDAUzNwb6qhtQVdVxZUdvY88UB1yxS9pn9c,GgBlackyBubbA,xWtP9EOxje6R-LK4tAvtRmiFFJ8fxMPyYCiCZDwH4sfF5wo,NA1,mBjQyr8cwyOMuDAUzNwb6qhtQVdVxZUdvY88UB1yxS9pn9c,/v1/stats/player_history/NA1/202009437,4226
7,200,92,4,14,SOLO,TOP,True,3047,6692,6333,6609,1037,1028,3340,8.0,13.0,13.0,2.0,1.0,2.0,393.0,0.0,0.0,0.0,0.0,0.0,156243.0,0.0,151437.0,4806.0,0.0,29742.0,0.0,28286.0,1456.0,11077.0,1.0,49542.0,7567.0,6438.0,11.0,34.0,36600.0,15725.0,16171.0,4703.0,13287.0,12525.0,3.0,0.0,144.0,10.0,2.0,8.0,124.0,17.0,0.0,0.0,6.0,1.0,False,False,False,False,0.0,0.0,0.0,0.0,0.0,0.0,0.0,0.0,0.0,0.0,0.0,0.0,0.0,0.0,8010.0,538.0,0.0,0.0,9101.0,3485.0,4558.0,0.0,9103.0,24.0,20.0,0.0,8017.0,2152.0,0.0,0.0,8139.0,1400.0,0.0,0.0,8135.0,3240.0,5.0,0.0,8000.0,8100.0,5008.0,5003.0,5002.0,3658441679.0,NA1,VjvUkyALBM0ds8tA56O5S5jltS28gsGrGovWxmRQGR5MBWEkuUOKMEg7,Marukubar Dice,JDG52G7zZgCOaNofHpSUCSrBY2zd24nHeBw4LKsXgEC4zQQ,NA1,VjvUkyALBM0ds8tA56O5S5jltS28gsGrGovWxmRQGR5MBWEkuUOKMEg7,/v1/stats/player_history/NA1/1963382250932736,4354
8,200,236,7,4,DUO_CARRY,BOTTOM,True,3139,6676,3153,3006,3033,6672,3340,18.0,8.0,12.0,5.0,2.0,5.0,456.0,1.0,0.0,0.0,0.0,0.0,201886.0,4616.0,181379.0,15890.0,617.0,35976.0,2183.0,31072.0,2720.0,4827.0,3.0,12836.0,12734.0,5857.0,3.0,4.0,31204.0,13436.0,16185.0,1581.0,17959.0,16850.0,1.0,0.0,170.0,8.0,8.0,0.0,25.0,17.0,0.0,0.0,2.0,0.0,True,False,False,False,0.0,0.0,0.0,0.0,0.0,0.0,0.0,0.0,0.0,0.0,0.0,0.0,0.0,0.0,8005.0,3082.0,1518.0,1564.0,9111.0,1600.0,600.0,0.0,9104.0,12.0,50.0,0.0,8014.0,915.0,0.0,0.0,8275.0,14.0,0.0,0.0,8236.0,28.0,0.0,0.0,8000.0,8200.0,5005.0,5008.0,5002.0,3658441679.0,NA1,4JLurSiTjzInGkFkwDJweeeeq-28AVVkx2NipfXFJC3_Fsg,BubbaYega,JPnBUDqps5aBs0Ry7gkCiHbn6rBcmYzV7VEY_mOFcyVQlo8,NA1,4JLurSiTjzInGkFkwDJweeeeq-28AVVkx2NipfXFJC3_Fsg,/v1/stats/player_history/NA1/241362143,4660
9,200,131,4,14,SOLO,MIDDLE,True,3157,2055,3020,3057,3115,0,3340,3.0,6.0,7.0,3.0,2.0,1.0,1472.0,1.0,0.0,0.0,0.0,0.0,58287.0,43939.0,11420.0,2927.0,0.0,6730.0,5602.0,633.0,494.0,2965.0,1.0,11705.0,5801.0,2525.0,3.0,4.0,14158.0,5884.0,7931.0,342.0,8031.0,7950.0,1.0,0.0,41.0,4.0,4.0,0.0,54.0,14.0,2.0,0.0,3.0,0.0,False,False,False,False,0.0,0.0,0.0,0.0,0.0,0.0,0.0,0.0,0.0,0.0,0.0,0.0,0.0,0.0,8010.0,59.0,0.0,0.0,9111.0,186.0,200.0,0.0,9104.0,36.0,20.0,0.0,8014.0,114.0,0.0,0.0,8139.0,462.0,0.0,0.0,8135.0,1369.0,4.0,0.0,8000.0,8100.0,5005.0,5008.0,5002.0,3658441679.0,NA1,oYatVNN-YkHzIvxA_GbpH4K-uiqnIfrJYLJI3LDx5FtNQlG5_RdVm3xI,rickyyytan,_cabepNWPKIFoRr02pj7u1cMfI7UB-OwiBGR_anf6ycZ-xVa,NA1,oYatVNN-YkHzIvxA_GbpH4K-uiqnIfrJYLJI3LDx5FtNQlG5_RdVm3xI,/v1/stats/player_history/NA1/2350503162267744,1451
10,200,63,14,4,DUO_SUPPORT,BOTTOM,True,3853,3102,6653,3020,3116,3089,3364,12.0,7.0,19.0,3.0,2.0,3.0,360.0,1.0,0.0,0.0,0.0,0.0,122737.0,116635.0,4839.0,1262.0,0.0,42015.0,39289.0,1531.0,1194.0,5849.0,1.0,10496.0,11270.0,3802.0,48.0,47.0,22442.0,10622.0,9631.0,2187.0,15165.0,14150.0,1.0,0.0,68.0,4.0,0.0,0.0,236.0,16.0,0.0,0.0,18.0,3.0,False,False,False,False,0.0,0.0,0.0,0.0,0.0,0.0,0.0,0.0,0.0,0.0,0.0,0.0,0.0,0.0,8128.0,2510.0,27.0,0.0,8139.0,1726.0,0.0,0.0,8138.0,30.0,0.0,0.0,8135.0,3656.0,5.0,0.0,8304.0,7.0,3.0,0.0,8345.0,3.0,0.0,0.0,8100.0,8300.0,5008.0,5008.0,5002.0,3658441679.0,NA1,N7PsYSB3NY_LEbWy5f22p78ZAHUadwdzb8HVUM3dTo9d2Q,Citycrock,SB8KAsXaXDvCG9WaZyaa_0LUkpwb1u8dVPWqIsaV4Ey4Grc,NA1,N7PsYSB3NY_LEbWy5f22p78ZAHUadwdzb8HVUM3dTo9d2Q,/v1/stats/player_history/NA1/43437504,3369
1,100,24,4,11,NONE,JUNGLE,True,1416,3074,3124,3078,3111,3091,3363,18.0,10.0,15.0,4.0,2.0,6.0,678.0,3.0,0.0,0.0,0.0,0.0,185482.0,33069.0,140752.0,11659.0,0.0,33493.0,7378.0,24384.0,1730.0,11580.0,1.0,42406.0,27891.0,4741.0,46.0,39.0,42311.0,22483.0,18167.0,1659.0,18574.0,17183.0,1.0,1.0,49.0,107.0,61.0,20.0,202.0,18.0,1.0,0.0,10.0,2.0,False,False,False,False,0.0,0.0,0.0,0.0,0.0,0.0,0.0,0.0,0.0,0.0,3.0,0.0,0.0,0.0,8008.0,2.0,50.0,0.0,9111.0,3098.0,660.0,0.0,9104.0,15.0,0.0,0.0,8299.0,1675.0,0.0,0.0,8451.0,179.0,0.0,0.0,8429.0,68.0,15.0,16.0,8000.0,8400.0,5005.0,5002.0,5001.0,3657792277.0,NA1,HDl92noRZ5iL3i4Vb6q070Gjye4GMyED2jaETlVdWZDREbY,divinetiger86,mjhMUoktqILtCiiYmwtB03iu02H63rbPzQiuryYnPCIvAcs,NA1,HDl92noRZ5iL3i4Vb6q070Gjye4GMyED2jaETlVdWZDREbY,/v1/stats/player_history/NA1/218400462,939
2,100,55,14,4,DUO_CARRY,MIDDLE,True,3165,3157,3146,3135,3020,3102,3363,15.0,9.0,14.0,4.0,2.0,5.0,500.0,1.0,0.0,0.0,0.0,0.0,192825.0,156016.0,22071.0,14738.0,0.0,32093.0,28041.0,2676.0,1375.0,16305.0,1.0,41272.0,9666.0,3117.0,34.0,3.0,38287.0,16554.0,14181.0,7551.0,17847.0,20735.0,1.0,0.0,209.0,0.0,0.0,0.0,23.0,18.0,1.0,0.0,10.0,2.0,False,False,False,False,0.0,0.0,0.0,0.0,0.0,0.0,0.0,0.0,0.0,0.0,3.0,0.0,0.0,0.0,8112.0,2147.0,0.0,0.0,8143.0,1309.0,0.0,0.0,8138.0,30.0,0.0,0.0,8135.0,4515.0,5.0,0.0,9111.0,1755.0,580.0,0.0,8014.0,859.0,0.0,0.0,8100.0,8000.0,5008.0,5003.0,5003.0,3657792277.0,NA1,PTIy5Xtsx0wp83U9WCkYW3_KYnWBX2u1PumjcSbf888Xtzav9fjXNXFm,JustJustin1311,aILcRA9l2_n6xmb20fdHPMlE2utEmjManH60CKblcukVu61o,NA1,PTIy5Xtsx0wp83U9WCkYW3_KYnWBX2u1PumjcSbf888Xtzav9fjXNXFm,/v1/stats/player_history/NA1/2468794144942304,4293
3,100,222,4,7,SOLO,BOTTOM,True,3031,3085,3094,3006,3033,1053,3340,10.0,15.0,17.0,3.0,1.0,1.0,321.0,0.0,0.0,0.0,0.0,0.0,207714.0,9073.0,186647.0,11993.0,665.0,31354.0,4060.0,26168.0,1126.0,4225.0,3.0,13843.0,11766.0,7755.0,26.0,33.0,33112.0,20475.0,11100.0,1537.0,15759.0,13900.0,4.0,0.0,196.0,28.0,20.0,4.0,121.0,17.0,0.0,0.0,12.0,2.0,False,False,False,False,0.0,0.0,0.0,0.0,0.0,0.0,0.0,0.0,0.0,0.0,3.0,0.0,0.0,0.0,8008.0,3.0,0.0,0.0,9111.0,1078.0,540.0,0.0,9103.0,22.0,40.0,0.0,8014.0,692.0,0.0,0.0,8304.0,9.0,4.0,5.0,8345.0,3.0,0.0,0.0,8000.0,8300.0,5008.0,5008.0,5002.0,3657792277.0,NA1,RqvILfT0uNzc-jQOPD0UZRHzMRYGeyN0Mg7PNXq2VJ6m-wM,Firite,3hL40GRkmJa-kmM9MIuJ9PmiYjAq4czaOQc7wy5s8UsIalw,NA1,RqvILfT0uNzc-jQOPD0UZRHzMRYGeyN0Mg7PNXq2VJ6m-wM,/v1/stats/player_history/NA1/210261188,4375
4,100,89,3,4,DUO_SUPPORT,MIDDLE,True,3117,3190,3050,3860,3109,1057,3364,1.0,12.0,32.0,0.0,1.0,0.0,668.0,0.0,0.0,0.0,0.0,0.0,29908.0,14795.0,9521.0,5592.0,0.0,9831.0,6454.0,3079.0,297.0,4857.0,5.0,46093.0,962.0,630.0,32.0,73.0,35265.0,23347.0,9372.0,2545.0,10329.0,9695.0,0.0,0.0,26.0,0.0,0.0,0.0,174.0,17.0,3.0,0.0,10.0,3.0,False,False,False,False,0.0,0.0,0.0,0.0,0.0,0.0,0.0,0.0,0.0,0.0,3.0,0.0,0.0,0.0,8439.0,1012.0,0.0,0.0,8463.0,3888.0,0.0,0.0,8473.0,966.0,0.0,0.0,8242.0,169.0,0.0,0.0,8304.0,9.0,4.0,5.0,8345.0,3.0,0.0,0.0,8400.0,8300.0,5007.0,5002.0,5001.0,3657792277.0,NA1,YspiYREOq66mDpzLlzJOjbBQoLkLtRBBnPavR1BbUdo4Dso,moogul,bLEmMN7mULpfCEgI4BdiXKuG4FADPBXGTPE95R9HMV1D-c4,NA1,YspiYREOq66mDpzLlzJOjbBQoLkLtRBBnPavR1BbUdo4Dso,/v1/stats/player_history/NA1/210236231,685
5,100,106,12,4,SOLO,TOP,True,3075,3053,3065,3025,3111,1011,3340,14.0,9.0,11.0,5.0,2.0,3.0,375.0,3.0,0.0,0.0,0.0,0.0,170909.0,70553.0,92478.0,7878.0,34.0,39898.0,13218.0,24203.0,2476.0,12963.0,1.0,83620.0,16663.0,6723.0,29.0,67.0,48245.0,17866.0,27042.0,3336.0,16281.0,15425.0,3.0,0.0,166.0,10.0,0.0,1.0,821.0,18.0,3.0,0.0,14.0,4.0,False,False,False,False,0.0,0.0,0.0,0.0,0.0,0.0,0.0,0.0,0.0,0.0,3.0,0.0,0.0,0.0,8005.0,3543.0,2087.0,1456.0,9111.0,4761.0,500.0,0.0,9105.0,20.0,40.0,0.0,8299.0,1810.0,0.0,0.0,8304.0,9.0,4.0,5.0,8347.0,0.0,0.0,0.0,8000.0,8300.0,5008.0,5008.0,5002.0,3657792277.0,NA1,IZFZ_amFHERyA6wEutmR24rktxScxyqr6vbRyvw3-aYv3cc,DanBort,xmjgEclIQznuzPYOqSt4-8b3L6D4XB2-UOyIOEuzkqhaM-0,NA1,IZFZ_amFHERyA6wEutmR24rktxScxyqr6vbRyvw3-aYv3cc,/v1/stats/player_history/NA1/242495816,1338
6,200,22,7,4,DUO_CARRY,BOTTOM,False,3085,3006,3153,3508,3035,3123,3340,7.0,16.0,17.0,2.0,2.0,2.0,266.0,1.0,0.0,0.0,0.0,0.0,117559.0,2545.0,108409.0,6604.0,420.0,18851.0,2333.0,15890.0,628.0,2677.0,4.0,12891.0,9240.0,6444.0,13.0,44.0,29227.0,9568.0,19265.0,394.0,12961.0,12800.0,4.0,0.0,113.0,8.0,0.0,4.0,593.0,15.0,0.0,0.0,5.0,2.0,False,False,False,False,0.0,0.0,0.0,0.0,0.0,0.0,0.0,0.0,0.0,0.0,0.0,0.0,0.0,0.0,8008.0,2.0,10.0,0.0,9111.0,586.0,480.0,0.0,9104.0,13.0,20.0,0.0,8299.0,531.0,0.0,0.0,8304.0,9.0,4.0,5.0,8345.0,3.0,0.0,0.0,8000.0,8300.0,5005.0,5008.0,5001.0,3657792277.0,NA,uOCvQDh8n0RIafHkGWThp2iVNseXrNIWUmdugLXhSpMNbg,Raginbull16,ATLUeTeS5cNyszGsuUSXhs5W2r4yqHbaqedGIFitEZACab4,NA1,uOCvQDh8n0RIafHkGWThp2iVNseXrNIWUmdugLXhSpMNbg,/v1/stats/player_history/NA/33756312,4777
7,200,99,4,14,DUO_SUPPORT,BOTTOM,False,3853,3157,3285,3020,3089,3135,3340,17.0,11.0,18.0,5.0,2.0,5.0,607.0,3.0,0.0,0.0,0.0,0.0,106057.0,97016.0,4581.0,4459.0,0.0,47777.0,43598.0,1259.0,2919.0,1552.0,1.0,15999.0,1200.0,1104.0,64.0,91.0,23107.0,9657.0,13235.0,214.0,15172.0,13950.0,1.0,0.0,53.0,12.0,0.0,4.0,272.0,16.0,0.0,0.0,36.0,5.0,False,False,False,False,0.0,0.0,0.0,0.0,0.0,0.0,0.0,0.0,0.0,0.0,0.0,0.0,0.0,0.0,8229.0,3652.0,0.0,0.0,8226.0,250.0,405.0,0.0,8210.0,0.0,0.0,0.0,8236.0,48.0,0.0,0.0,8014.0,1102.0,0.0,0.0,8009.0,6740.0,500.0,0.0,8200.0,8000.0,5008.0,5008.0,5001.0,3657792277.0,NA,uL8DM6nOXTSGx_Z2IqDBQCz-KXMlWCZiZkHiKhiCEWpMxg,juanswers,75iGm6MMVnnW2WHQfFRSDjVjXMC6jo9UtjLV_ZeaF5O7gwQ,NA1,uL8DM6nOXTSGx_Z2IqDBQCz-KXMlWCZiZkHiKhiCEWpMxg,/v1/stats/player_history/NA/40331438,539
8,200,33,11,4,NONE,JUNGLE,False,1401,3001,3742,3009,3075,3146,3340,11.0,6.0,24.0,4.0,2.0,3.0,883.0,1.0,0.0,0.0,0.0,0.0,230945.0,177633.0,39864.0,13447.0,96.0,42770.0,30999.0,5308.0,6463.0,11508.0,1.0,103594.0,10630.0,1475.0,36.0,102.0,46167.0,15530.0,29781.0,856.0,16790.0,16400.0,1.0,2.0,61.0,148.0,118.0,8.0,1555.0,18.0,2.0,0.0,10.0,1.0,False,False,True,False,0.0,0.0,0.0,0.0,0.0,0.0,0.0,0.0,0.0,0.0,0.0,0.0,0.0,0.0,8124.0,525.0,0.0,0.0,8126.0,2025.0,0.0,0.0,8138.0,18.0,0.0,0.0,8105.0,13.0,5.0,0.0,8429.0,68.0,23.0,14.0,8451.0,260.0,0.0,0.0,8100.0,8400.0,5007.0,5002.0,5002.0,3657792277.0,NA,uBmCSwjGWeKPIOck0Z3g96lRT6vVYFWmKWz4e0DtUQLdSQ,ElDogeMajestico,0a0Ad_kFrUCFmhDKDMRjLeCrTvNsWz1_pfc79JibS1Y22ks,NA1,uBmCSwjGWeKPIOck0Z3g96lRT6vVYFWmKWz4e0DtUQLdSQ,/v1/stats/player_history/NA/38214775,4658
9,200,266,14,4,SOLO,TOP,False,3065,3142,3047,3812,3053,0,3340,12.0,12.0,11.0,4.0,1.0,3.0,483.0,0.0,0.0,0.0,0.0,0.0,108956.0,0.0,102700.0,6256.0,0.0,26615.0,0.0,24114.0,2501.0,13717.0,1.0,54676.0,10681.0,4569.0,16.0,28.0,41276.0,11148.0,24264.0,5863.0,14955.0,14225.0,1.0,0.0,118.0,12.0,4.0,0.0,180.0,16.0,1.0,0.0,8.0,3.0,True,False,False,False,0.0,0.0,0.0,0.0,0.0,0.0,0.0,0.0,0.0,0.0,0.0,0.0,0.0,0.0,8010.0,557.0,0.0,0.0,9111.0,1301.0,460.0,0.0,9104.0,15.0,40.0,0.0,8014.0,653.0,0.0,0.0,8139.0,1620.0,0.0,0.0,8135.0,2455.0,5.0,0.0,8000.0,8100.0,5005.0,5008.0,5002.0,3657792277.0,NA1,WF5szs3HhJSWTWyVD7uNelxvNfno7cl3ceYGmBYNTO8Va_yc2PVZd9Go,sea piggies,0r44kfNUafqsvJD0ws3_voBRWdCI1GhBz97y1RXMBxiH5lo,NA1,WF5szs3HhJSWTWyVD7uNelxvNfno7cl3ceYGmBYNTO8Va_yc2PVZd9Go,/v1/stats/player_history/NA1/1978879372110208,3543
10,200,131,4,14,SOLO,MIDDLE,False,3157,3089,3020,3115,1026,1052,3340,8.0,14.0,16.0,4.0,3.0,2.0,465.0,1.0,1.0,0.0,0.0,0.0,115792.0,93602.0,17636.0,4553.0,0.0,27316.0,21994.0,3048.0,2273.0,5328.0,1.0,32220.0,10803.0,3858.0,27.0,17.0,30638.0,15647.0,14388.0,602.0,12976.0,12610.0,0.0,0.0,115.0,8.0,4.0,0.0,69.0,16.0,3.0,0.0,11.0,2.0,False,False,False,False,0.0,0.0,0.0,0.0,0.0,0.0,0.0,0.0,0.0,0.0,0.0,0.0,0.0,0.0,8010.0,1047.0,0.0,0.0,9111.0,1039.0,480.0,0.0,9104.0,13.0,20.0,0.0,8014.0,543.0,0.0,0.0,8139.0,1458.0,0.0,0.0,8135.0,2776.0,5.0,0.0,8000.0,8100.0,5005.0,5008.0,5002.0,3657792277.0,NA1,oYatVNN-YkHzIvxA_GbpH4K-uiqnIfrJYLJI3LDx5FtNQlG5_RdVm3xI,rickyyytan,_cabepNWPKIFoRr02pj7u1cMfI7UB-OwiBGR_anf6ycZ-xVa,NA1,oYatVNN-YkHzIvxA_GbpH4K-uiqnIfrJYLJI3LDx5FtNQlG5_RdVm3xI,/v1/stats/player_history/NA1/2350503162267744,1451
1,100,142,4,14,SOLO,MIDDLE,True,1058,3285,3020,3165,3089,3089,3340,16.0,11.0,10.0,4.0,2.0,5.0,361.0,1.0,0.0,0.0,0.0,0.0,155254.0,128362.0,14850.0,12041.0,0.0,41079.0,33850.0,2296.0,4932.0,8533.0,8.0,20357.0,4659.0,2213.0,57.0,71.0,31368.0,17739.0,11174.0,2453.0,17920.0,16775.0,2.0,0.0,125.0,16.0,0.0,4.0,244.0,18.0,7.0,0.0,21.0,4.0,False,False,False,False,0.0,0.0,0.0,0.0,0.0,0.0,0.0,0.0,0.0,0.0,0.0,0.0,0.0,0.0,8112.0,1261.0,0.0,0.0,8143.0,912.0,0.0,0.0,8120.0,5.0,30.0,12.0,8135.0,4690.0,5.0,0.0,8275.0,32.0,0.0,0.0,8210.0,0.0,0.0,0.0,8100.0,8200.0,5008.0,5008.0,5003.0,3657365801.0,NA1,oYatVNN-YkHzIvxA_GbpH4K-uiqnIfrJYLJI3LDx5FtNQlG5_RdVm3xI,rickyyytan,_cabepNWPKIFoRr02pj7u1cMfI7UB-OwiBGR_anf6ycZ-xVa,NA1,oYatVNN-YkHzIvxA_GbpH4K-uiqnIfrJYLJI3LDx5FtNQlG5_RdVm3xI,/v1/stats/player_history/NA1/2350503162267744,1451
2,100,17,4,14,DUO_SUPPORT,BOTTOM,True,3135,3116,3089,3020,1058,0,3340,4.0,9.0,11.0,0.0,1.0,0.0,516.0,0.0,0.0,0.0,0.0,0.0,129090.0,114487.0,13011.0,1592.0,0.0,29237.0,26165.0,1660.0,1412.0,2608.0,1.0,14671.0,754.0,342.0,55.0,52.0,24950.0,15653.0,7696.0,1601.0,12152.0,11925.0,0.0,2.0,66.0,3.0,2.0,1.0,1058.0,17.0,1.0,0.0,33.0,1.0,False,False,False,False,0.0,0.0,0.0,0.0,0.0,0.0,0.0,0.0,0.0,0.0,0.0,0.0,0.0,0.0,8229.0,3241.0,0.0,0.0,8226.0,250.0,527.0,0.0,8210.0,0.0,0.0,0.0,8236.0,80.0,0.0,0.0,8138.0,30.0,0.0,0.0,8105.0,13.0,5.0,0.0,8200.0,8100.0,5008.0,5008.0,5001.0,3657365801.0,NA1,bs1RMBSxXk0SokEN4BgjR7R41O4BAsL7vbudZcpTA57h7fs,MeowDragon246,mV1bucgbzLwCjQT42DI2XKZ5SFMF0E00aO1SIWf6i8CKJlo,NA1,bs1RMBSxXk0SokEN4BgjR7R41O4BAsL7vbudZcpTA57h7fs,/v1/stats/player_history/NA1/233356389,3015
3,100,21,7,4,DUO_CARRY,BOTTOM,True,3072,3031,3094,3033,3006,3086,3340,6.0,5.0,9.0,3.0,2.0,1.0,1426.0,1.0,0.0,0.0,0.0,0.0,214608.0,3591.0,209252.0,1764.0,1078.0,28946.0,1358.0,27304.0,284.0,5832.0,6.0,16175.0,16355.0,5614.0,27.0,9.0,22554.0,12813.0,8170.0,1570.0,16442.0,16800.0,3.0,1.0,259.0,16.0,13.0,0.0,103.0,18.0,0.0,0.0,15.0,4.0,False,False,False,False,0.0,0.0,0.0,0.0,0.0,0.0,0.0,0.0,0.0,0.0,0.0,0.0,0.0,0.0,8005.0,1306.0,667.0,638.0,9111.0,640.0,300.0,0.0,9104.0,18.0,0.0,0.0,8014.0,452.0,0.0,0.0,8275.0,13.0,0.0,0.0,8236.0,48.0,0.0,0.0,8000.0,8200.0,5005.0,5008.0,5002.0,3657365801.0,NA1,92MRF0Kkxs87o0gm5YlolKf69lf0OTe_dpZSTq8s2tpAhA,Tunbun,s7QfXNOYKLCfEyZh0_Jim9-1F51zVmCPKjug66B8rFew6hI,NA1,92MRF0Kkxs87o0gm5YlolKf69lf0OTe_dpZSTq8s2tpAhA,/v1/stats/player_history/NA1/42685578,4759
4,100,875,4,11,NONE,JUNGLE,True,3748,3071,3111,3706,3812,3211,3364,5.0,10.0,13.0,3.0,2.0,1.0,928.0,1.0,0.0,0.0,0.0,0.0,235686.0,4689.0,205046.0,25951.0,0.0,22780.0,0.0,18212.0,4568.0,16162.0,5.0,84998.0,37394.0,3162.0,29.0,40.0,56346.0,20645.0,28123.0,7578.0,15187.0,13625.0,0.0,1.0,61.0,155.0,74.0,17.0,418.0,18.0,1.0,0.0,1.0,5.0,False,False,False,False,0.0,0.0,0.0,0.0,0.0,0.0,0.0,0.0,0.0,0.0,0.0,0.0,0.0,0.0,8230.0,16.0,0.0,0.0,8275.0,24.0,0.0,0.0,8234.0,14288.0,0.0,0.0,8232.0,11.0,40.0,0.0,8463.0,612.0,0.0,0.0,8242.0,92.0,0.0,0.0,8200.0,8400.0,5005.0,5008.0,5002.0,3657365801.0,NA1,NWYhbUdGMdo4Xf0ZjarSQiUBnxM75VxO6rfvlkYKLUxheiMkCOKERK41,SirZeroG,_c7Uh25aounbTE3BSD20YoPA8Zv_AOElKFTphmCjfSABj3YC,NA1,NWYhbUdGMdo4Xf0ZjarSQiUBnxM75VxO6rfvlkYKLUxheiMkCOKERK41,/v1/stats/player_history/NA1/2295386579904896,2093
5,100,62,12,4,NONE,JUNGLE,True,3026,3074,1033,3812,3147,3047,3340,7.0,13.0,8.0,2.0,1.0,2.0,496.0,0.0,0.0,0.0,0.0,0.0,149726.0,19460.0,127593.0,2673.0,0.0,25463.0,2733.0,22730.0,0.0,5296.0,1.0,43664.0,8736.0,2276.0,30.0,15.0,40232.0,21863.0,13163.0,5205.0,14952.0,14675.0,2.0,2.0,170.0,24.0,20.0,0.0,52.0,17.0,1.0,0.0,17.0,3.0,False,False,False,False,0.0,0.0,0.0,0.0,0.0,0.0,0.0,0.0,0.0,0.0,0.0,0.0,0.0,0.0,8010.0,1451.0,0.0,0.0,9111.0,884.0,300.0,0.0,9104.0,23.0,0.0,0.0,8299.0,727.0,0.0,0.0,8345.0,3.0,0.0,0.0,8304.0,10.0,3.0,0.0,8000.0,8300.0,5005.0,5008.0,5003.0,3657365801.0,na1,5yeyP-G93OF7ysk4wbWBY2gQCzfSznEC52_vkNClPAA3Ux8,BanginBean,lqRQkq1Uc15XTS8ZocPA9_wElvYFp_cwQpzB_0n9nLG3a5I,NA1,5yeyP-G93OF7ysk4wbWBY2gQCzfSznEC52_vkNClPAA3Ux8,/v1/stats/player_history/na1/247797602,4748
6,200,517,11,4,NONE,JUNGLE,False,3102,3152,3157,3089,1402,3020,3364,10.0,11.0,15.0,3.0,1.0,2.0,443.0,0.0,0.0,0.0,0.0,0.0,223329.0,183918.0,20758.0,18653.0,0.0,26506.0,21634.0,2014.0,2856.0,18350.0,1.0,31168.0,17600.0,2067.0,34.0,26.0,51371.0,15640.0,32455.0,3275.0,17048.0,16200.0,1.0,0.0,85.0,123.0,82.0,20.0,458.0,18.0,6.0,0.0,7.0,5.0,False,False,False,False,0.0,0.0,0.0,0.0,0.0,0.0,0.0,0.0,0.0,0.0,2.0,0.0,0.0,0.0,8010.0,779.0,0.0,0.0,8009.0,6202.0,500.0,0.0,9105.0,16.0,20.0,0.0,8299.0,854.0,0.0,0.0,8345.0,3.0,0.0,0.0,8347.0,0.0,0.0,0.0,8000.0,8300.0,5005.0,5008.0,5002.0,3657365801.0,NA1,kDS5wF6qehWyUrEZj1QIbB5LIsZl3pNF5SKWoCXtMOLMA2NKePtEGPuc,SpadeAceFred,eLXUv9d1Cj8sdN45IClAr8PeKnqII93c9ntwBapoLqSxzWbc,NA1,kDS5wF6qehWyUrEZj1QIbB5LIsZl3pNF5SKWoCXtMOLMA2NKePtEGPuc,/v1/stats/player_history/NA1/2085803072728032,4248
7,200,145,4,7,DUO_CARRY,BOTTOM,False,3285,3042,3006,3124,3115,3085,3340,26.0,9.0,13.0,9.0,3.0,4.0,674.0,4.0,1.0,0.0,0.0,0.0,261282.0,88155.0,166811.0,6315.0,469.0,46365.0,19148.0,23230.0,3987.0,13864.0,4.0,17469.0,29704.0,2577.0,35.0,2.0,38152.0,15401.0,20576.0,2174.0,23978.0,17700.0,1.0,0.0,196.0,24.0,13.0,0.0,49.0,18.0,2.0,0.0,19.0,3.0,True,False,False,True,0.0,0.0,0.0,0.0,0.0,0.0,0.0,0.0,0.0,0.0,2.0,0.0,0.0,0.0,8005.0,2217.0,1366.0,851.0,9111.0,1669.0,780.0,0.0,9103.0,23.0,40.0,0.0,8014.0,1486.0,0.0,0.0,8139.0,2150.0,0.0,0.0,8135.0,8384.0,5.0,0.0,8000.0,8100.0,5005.0,5008.0,5002.0,3657365801.0,NA1,86bkuU4XJW-W_dwc2ODHFuQKqvxuUpI5FZ13lRfrxK7nJMw,HorusDidNoWrong,Oggh_omebcymi1FUGT3qftJru-x8mfjnP4Xf3EDNrMf43pY,NA1,86bkuU4XJW-W_dwc2ODHFuQKqvxuUpI5FZ13lRfrxK7nJMw,/v1/stats/player_history/NA1/211536931,4794
8,200,115,4,14,SOLO,MIDDLE,False,3157,3285,3020,3135,3089,3116,3363,6.0,12.0,17.0,2.0,1.0,1.0,466.0,0.0,0.0,0.0,0.0,0.0,296086.0,251697.0,17623.0,26765.0,0.0,35389.0,29160.0,367.0,5861.0,1970.0,1.0,17270.0,39122.0,20065.0,31.0,22.0,36029.0,13994.0,19772.0,2262.0,16335.0,16250.0,3.0,1.0,230.0,11.0,9.0,0.0,527.0,18.0,0.0,0.0,17.0,0.0,False,False,True,False,0.0,0.0,0.0,0.0,0.0,0.0,0.0,0.0,0.0,0.0,2.0,0.0,0.0,0.0,8229.0,3614.0,0.0,0.0,8226.0,250.0,1946.0,0.0,8210.0,20.0,0.0,0.0,8236.0,80.0,0.0,0.0,8304.0,10.0,3.0,0.0,8345.0,3.0,0.0,0.0,8200.0,8300.0,5007.0,5003.0,5001.0,3657365801.0,NA1,T-FInUmOIu5aLKFIsl2HwfY1i2FwZXd-fEEW9QzvthLJQr3sjJu6cNUV,MurknMurda,NHTUeO3tZrhdMEZMjay5h-QKtOfO9jtJK0sYrOehSARsLaM,NA1,T-FInUmOIu5aLKFIsl2HwfY1i2FwZXd-fEEW9QzvthLJQr3sjJu6cNUV,/v1/stats/player_history/NA1/2034919603899008,4787
9,200,25,4,14,DUO_SUPPORT,BOTTOM,False,3157,3117,3853,3107,3190,3174,3364,1.0,2.0,21.0,0.0,1.0,0.0,1489.0,0.0,0.0,0.0,0.0,0.0,76580.0,52389.0,9206.0,14983.0,0.0,9573.0,7239.0,488.0,1845.0,9810.0,10.0,22949.0,6221.0,0.0,102.0,73.0,19198.0,7162.0,11125.0,910.0,11990.0,11075.0,0.0,0.0,70.0,0.0,0.0,0.0,129.0,18.0,5.0,0.0,54.0,9.0,False,False,False,False,0.0,0.0,0.0,0.0,0.0,0.0,0.0,0.0,0.0,0.0,2.0,0.0,0.0,0.0,8465.0,3393.0,0.0,0.0,8463.0,764.0,0.0,0.0,8473.0,762.0,0.0,0.0,8453.0,1263.0,1196.0,0.0,8313.0,0.0,0.0,0.0,8345.0,3.0,0.0,0.0,8400.0,8300.0,5008.0,5008.0,5002.0,3657365801.0,NA1,TBuHcJcP74OpFHIyf7NcV2ex-ebYYQ0mNAUZSzCJxqz4ormEVCvElxRK,UpperDecker911,mXwKcOk6GvTn1TmoDBWhb2YQbL_9GoidRucI-N8sQWD7ZEGC,NA1,TBuHcJcP74OpFHIyf7NcV2ex-ebYYQ0mNAUZSzCJxqz4ormEVCvElxRK,/v1/stats/player_history/NA1/2179044438231168,2093
10,200,14,12,4,SOLO,TOP,False,3193,3068,3143,3047,3065,3067,3340,5.0,4.0,15.0,2.0,2.0,1.0,812.0,1.0,0.0,0.0,0.0,0.0,295313.0,136899.0,78174.0,80238.0,0.0,23454.0,10642.0,10390.0,2420.0,6953.0,1.0,96121.0,10921.0,1438.0,27.0,40.0,51500.0,17413.0,31513.0,2573.0,15128.0,13125.0,0.0,0.0,204.0,28.0,15.0,0.0,542.0,18.0,1.0,0.0,17.0,1.0,False,False,False,False,0.0,0.0,0.0,0.0,0.0,0.0,0.0,0.0,0.0,0.0,2.0,0.0,0.0,0.0,8437.0,2442.0,2077.0,0.0,8401.0,964.0,0.0,0.0,8473.0,1718.0,0.0,0.0,8451.0,372.0,0.0,0.0,8304.0,9.0,4.0,5.0,8345.0,3.0,0.0,0.0,8400.0,8300.0,5008.0,5008.0,5001.0,3657365801.0,NA,3MjGiRkwfVFfYro8K6n3zbQzitglDDxlcjRFfXiUGAeKWA,Kinosaaya,BIGfhMPSx1-cesX_h1UGUYAI2YhB331gBTC3-3qLJn4XoUU,NA1,3MjGiRkwfVFfYro8K6n3zbQzitglDDxlcjRFfXiUGAeKWA,/v1/stats/player_history/NA/33136829,580
1,100,25,14,4,DUO_SUPPORT,BOTTOM,True,3157,3117,3116,3151,1052,3853,3364,7.0,5.0,16.0,4.0,1.0,2.0,675.0,0.0,0.0,0.0,0.0,0.0,57725.0,49989.0,4959.0,2775.0,0.0,22650.0,19701.0,819.0,2129.0,6200.0,1.0,10954.0,9944.0,1335.0,60.0,76.0,23170.0,14284.0,8885.0,0.0,12208.0,10285.0,1.0,0.0,31.0,9.0,0.0,1.0,237.0,16.0,0.0,0.0,31.0,3.0,False,False,False,False,0.0,0.0,0.0,0.0,0.0,0.0,0.0,0.0,0.0,0.0,0.0,0.0,0.0,0.0,8229.0,2685.0,0.0,0.0,8226.0,250.0,904.0,0.0,8210.0,0.0,0.0,0.0,8237.0,786.0,0.0,0.0,8313.0,0.0,0.0,0.0,8345.0,3.0,0.0,0.0,8200.0,8300.0,5008.0,5008.0,5002.0,3656506310.0,NA1,-72lEyvVawdarWB_u2ES3lFNjpDbeN5A2nO6ywlV2aWqET2N5eueD-ax,dragonmaster5255,hoTsJY4mdiVdSO1areShvxmDNRaKZOV8E32ESbg-3S2cgyNV,NA1,-72lEyvVawdarWB_u2ES3lFNjpDbeN5A2nO6ywlV2aWqET2N5eueD-ax,/v1/stats/player_history/NA1/2191685819042400,4760
2,100,254,11,4,NONE,JUNGLE,True,3748,3812,3111,1400,3078,3052,3364,6.0,6.0,5.0,2.0,1.0,2.0,700.0,0.0,0.0,0.0,0.0,0.0,340275.0,6094.0,317317.0,16862.0,0.0,13099.0,0.0,11720.0,1378.0,11632.0,1.0,43679.0,53595.0,4791.0,47.0,23.0,31407.0,6116.0,23066.0,2224.0,18033.0,16508.0,2.0,0.0,96.0,225.0,141.0,20.0,411.0,18.0,8.0,0.0,5.0,5.0,False,False,False,False,0.0,0.0,0.0,0.0,0.0,0.0,0.0,0.0,0.0,0.0,0.0,0.0,0.0,0.0,9923.0,24.0,66.0,0.0,8143.0,373.0,0.0,0.0,8138.0,18.0,0.0,0.0,8106.0,5.0,0.0,0.0,9111.0,828.0,220.0,0.0,9104.0,13.0,50.0,0.0,8100.0,8000.0,5005.0,5008.0,5002.0,3656506310.0,NA1,l4oRkUZl33W0PPCofb58p0AbS4VS0Cp1skIHLMAMd43DkxcbLMqZIY4S,ThysanPwns,jGJRvLuKvlTApIxWRFG2Uka0KdZT8fRZd-rjUHoHZMc2Utr5,NA1,l4oRkUZl33W0PPCofb58p0AbS4VS0Cp1skIHLMAMd43DkxcbLMqZIY4S,/v1/stats/player_history/NA1/2478676006880800,4636
3,100,22,4,7,DUO_CARRY,BOTTOM,True,3033,3042,3031,3006,3085,3046,3363,7.0,7.0,14.0,3.0,1.0,2.0,667.0,0.0,0.0,0.0,0.0,0.0,272259.0,2064.0,240666.0,29528.0,721.0,25381.0,2064.0,21841.0,1475.0,5249.0,3.0,10465.0,22413.0,14168.0,53.0,45.0,23463.0,10934.0,12318.0,210.0,17031.0,15385.0,5.0,3.0,215.0,45.0,24.0,13.0,791.0,18.0,1.0,0.0,13.0,3.0,False,False,False,False,0.0,0.0,0.0,0.0,0.0,0.0,0.0,0.0,0.0,0.0,0.0,0.0,0.0,0.0,8008.0,3.0,10.0,0.0,8009.0,3527.0,500.0,0.0,9104.0,13.0,30.0,0.0,8014.0,421.0,0.0,0.0,8410.0,120.0,0.0,0.0,8304.0,10.0,3.0,0.0,8000.0,8300.0,5005.0,5008.0,5002.0,3656506310.0,NA1,6jYL9SsQL7KkrSE3Pxn65uO8FBEmXwVL8x1aKq1ODOu5zQ,ParkerParkinson,9wDU0WOF1-0Wll0CKhJ9b7AJYDx_da2ZM_1Od9L-SWWkRxE,NA1,6jYL9SsQL7KkrSE3Pxn65uO8FBEmXwVL8x1aKq1ODOu5zQ,/v1/stats/player_history/NA1/49772595,712
4,100,142,4,14,SOLO,MIDDLE,True,2055,3285,3020,3916,3089,1026,3340,8.0,6.0,9.0,3.0,2.0,3.0,641.0,1.0,0.0,0.0,0.0,0.0,126125.0,102485.0,13669.0,9970.0,0.0,34228.0,28206.0,1201.0,4820.0,9729.0,3.0,10753.0,13002.0,1119.0,34.0,65.0,25982.0,13746.0,11879.0,356.0,12591.0,11400.0,0.0,0.0,135.0,4.0,0.0,0.0,222.0,17.0,6.0,0.0,15.0,3.0,False,False,False,False,0.0,0.0,0.0,0.0,0.0,0.0,0.0,0.0,0.0,0.0,0.0,0.0,0.0,0.0,8112.0,1270.0,0.0,0.0,8143.0,618.0,0.0,0.0,8120.0,2.0,30.0,10.0,8135.0,4982.0,5.0,0.0,8226.0,250.0,1264.0,0.0,8210.0,0.0,0.0,0.0,8100.0,8200.0,5008.0,5008.0,5003.0,3656506310.0,NA1,oYatVNN-YkHzIvxA_GbpH4K-uiqnIfrJYLJI3LDx5FtNQlG5_RdVm3xI,rickyyytan,_cabepNWPKIFoRr02pj7u1cMfI7UB-OwiBGR_anf6ycZ-xVa,NA1,oYatVNN-YkHzIvxA_GbpH4K-uiqnIfrJYLJI3LDx5FtNQlG5_RdVm3xI,/v1/stats/player_history/NA1/2350503162267744,1451
5,100,82,14,4,SOLO,TOP,True,3907,3020,3157,3151,3116,1058,3340,11.0,7.0,3.0,4.0,3.0,3.0,664.0,1.0,1.0,0.0,0.0,0.0,176492.0,148825.0,21879.0,5786.0,0.0,23025.0,19215.0,1703.0,2106.0,14882.0,1.0,30860.0,17837.0,4451.0,14.0,9.0,36587.0,15335.0,20161.0,1090.0,14947.0,14350.0,2.0,0.0,162.0,4.0,0.0,0.0,74.0,18.0,0.0,0.0,7.0,1.0,False,False,True,False,0.0,0.0,0.0,0.0,0.0,0.0,0.0,0.0,0.0,0.0,0.0,0.0,0.0,0.0,8010.0,931.0,0.0,0.0,9111.0,1171.0,280.0,0.0,9104.0,19.0,30.0,0.0,8014.0,650.0,0.0,0.0,8139.0,1178.0,0.0,0.0,8135.0,6797.0,5.0,0.0,8000.0,8100.0,5008.0,5008.0,5002.0,3656506310.0,NA1,vs-UxX7RNS46BREd6QbNv4DWZ5MApbtlYAhj_Uzc5RcVkR1BvZNzf8fY,texastrev24,e9BL56MK6ZnlFz9byUW8_5i2C2HeIEcNLPogNbdMqEZbhuY1,NA1,vs-UxX7RNS46BREd6QbNv4DWZ5MApbtlYAhj_Uzc5RcVkR1BvZNzf8fY,/v1/stats/player_history/NA1/2076356170844736,3903
6,200,115,7,4,SOLO,MIDDLE,False,3089,3285,3020,3100,0,0,3340,2.0,6.0,9.0,0.0,1.0,0.0,840.0,0.0,0.0,0.0,0.0,0.0,198184.0,164556.0,20228.0,13399.0,0.0,28309.0,27145.0,949.0,214.0,8747.0,3.0,11509.0,15881.0,13678.0,14.0,12.0,27372.0,11067.0,14228.0,2076.0,12238.0,11700.0,2.0,0.0,206.0,4.0,4.0,0.0,224.0,16.0,0.0,0.0,8.0,1.0,False,False,False,False,0.0,0.0,0.0,0.0,0.0,0.0,0.0,0.0,0.0,0.0,0.0,0.0,0.0,0.0,8010.0,0.0,0.0,0.0,8009.0,2268.0,500.0,0.0,9104.0,22.0,30.0,0.0,8014.0,286.0,0.0,0.0,8139.0,1759.0,0.0,0.0,8135.0,5029.0,5.0,0.0,8000.0,8100.0,5008.0,5008.0,5002.0,3656506310.0,NA1,ywrmra47YEwYluFKgbZTKC0IXRMYz60FVQiyYgcHiXL-SFEhyYTItoXN,T Is For Turmoil,eRizPz_Ll_aFMZRXVKkCq6rjOcCYmNSecrGXtCfoCePf6qIe,NA1,ywrmra47YEwYluFKgbZTKC0IXRMYz60FVQiyYgcHiXL-SFEhyYTItoXN,/v1/stats/player_history/NA1/2217505581255072,4589
7,200,64,4,11,NONE,JUNGLE,False,1400,3143,2031,3047,3065,1028,3340,3.0,10.0,12.0,2.0,1.0,1.0,817.0,0.0,0.0,0.0,0.0,0.0,96597.0,20274.0,62826.0,13496.0,0.0,10508.0,1823.0,8259.0,425.0,7182.0,1.0,30528.0,10338.0,0.0,38.0,23.0,39736.0,20103.0,15907.0,3726.0,10119.0,9750.0,1.0,0.0,24.0,71.0,61.0,0.0,492.0,15.0,1.0,0.0,14.0,3.0,False,False,False,False,0.0,0.0,0.0,0.0,0.0,0.0,0.0,0.0,0.0,0.0,0.0,0.0,0.0,0.0,8010.0,188.0,0.0,0.0,9111.0,962.0,300.0,0.0,9104.0,15.0,40.0,0.0,8014.0,259.0,0.0,0.0,8304.0,11.0,1.0,5.0,8347.0,0.0,0.0,0.0,8000.0,8300.0,5005.0,5008.0,5002.0,3656506310.0,NA1,0RFa9n-U1M5kFlkbmn3ZS6FGzoNYLZx3o3hcd7unbRFAfg,lanb of god,waJ4IU1_mkCprcf2G5WvDwB2V5QEF4ZpbSObbo2tLu5fXRY,NA1,0RFa9n-U1M5kFlkbmn3ZS6FGzoNYLZx3o3hcd7unbRFAfg,/v1/stats/player_history/NA1/49108605,785
8,200,51,4,7,DUO_CARRY,BOTTOM,False,1055,3031,3006,3094,0,0,3363,2.0,8.0,7.0,2.0,1.0,1.0,347.0,0.0,0.0,0.0,0.0,0.0,168236.0,3521.0,145931.0,18783.0,892.0,13814.0,757.0,12544.0,512.0,4502.0,3.0,9765.0,3715.0,365.0,35.0,20.0,23997.0,10559.0,13018.0,420.0,11229.0,7675.0,0.0,0.0,176.0,20.0,17.0,0.0,88.0,17.0,1.0,0.0,12.0,3.0,False,False,False,False,0.0,0.0,0.0,0.0,0.0,0.0,0.0,0.0,0.0,0.0,0.0,0.0,0.0,0.0,8021.0,1378.0,0.0,0.0,8009.0,717.0,500.0,0.0,9103.0,0.0,0.0,0.0,8014.0,285.0,0.0,0.0,8275.0,12.0,0.0,0.0,8236.0,28.0,0.0,0.0,8000.0,8200.0,5005.0,5008.0,5002.0,3656506310.0,NA1,nn8dwpupRtJ_EusIYF38n1OWRsf2yJys-kbVd1jJ0RrdGTNWJA04UCwK,cuueyqhg,Ro1m4lEwVigET2pghdfwb4ojHK9tnqpM58-vhqZ_s84IuYfz,NA1,nn8dwpupRtJ_EusIYF38n1OWRsf2yJys-kbVd1jJ0RrdGTNWJA04UCwK,/v1/stats/player_history/NA1/2440414651550848,20
9,200,6,12,4,NONE,JUNGLE,False,3111,3071,3812,3022,3075,3026,3340,12.0,7.0,7.0,6.0,1.0,2.0,677.0,0.0,0.0,0.0,0.0,0.0,259352.0,3641.0,231657.0,24053.0,31.0,30040.0,383.0,27662.0,1994.0,10691.0,1.0,64693.0,10970.0,5055.0,29.0,45.0,39488.0,15942.0,18376.0,5169.0,18146.0,17300.0,1.0,0.0,271.0,12.0,4.0,0.0,478.0,18.0,4.0,0.0,13.0,6.0,True,False,False,False,0.0,0.0,0.0,0.0,0.0,0.0,0.0,0.0,0.0,0.0,0.0,0.0,0.0,0.0,8005.0,3654.0,1795.0,1858.0,9111.0,1506.0,380.0,0.0,9105.0,15.0,40.0,0.0,8299.0,863.0,0.0,0.0,8473.0,1387.0,0.0,0.0,8451.0,266.0,0.0,0.0,8000.0,8400.0,5008.0,5008.0,5003.0,3656506310.0,NA1,06A9OyK32CL-O89LIgYB64yfaj7j6_ud1QC-Ohjs4bPx7zU,iNoobles,W40u5713BMjyBvsYl8MMM3bTEl0o-gySPr7mpsXTgf517RI,NA1,06A9OyK32CL-O89LIgYB64yfaj7j6_ud1QC-Ohjs4bPx7zU,/v1/stats/player_history/NA1/236352587,4777
10,200,99,4,14,DUO_SUPPORT,BOTTOM,False,3853,3020,3285,3089,3135,1026,3364,12.0,8.0,9.0,5.0,1.0,2.0,737.0,0.0,0.0,0.0,0.0,0.0,114249.0,110846.0,3380.0,23.0,0.0,27302.0,26871.0,407.0,23.0,872.0,1.0,8248.0,610.0,306.0,36.0,59.0,18715.0,12406.0,5615.0,694.0,13701.0,11600.0,0.0,0.0,57.0,0.0,0.0,0.0,248.0,17.0,0.0,0.0,15.0,3.0,False,False,False,False,0.0,0.0,0.0,0.0,0.0,0.0,0.0,0.0,0.0,0.0,0.0,0.0,0.0,0.0,8229.0,2740.0,0.0,0.0,8226.0,250.0,951.0,0.0,8233.0,20.0,40.0,0.0,8236.0,48.0,0.0,0.0,8304.0,11.0,1.0,5.0,8347.0,0.0,0.0,0.0,8200.0,8300.0,5008.0,5008.0,5001.0,3656506310.0,NA1,Kq6iZ6atEsVnZ1BpckYspAMhzpLYeMbNCgmOIxdi0dK8KHPMIMixchXz,glazedbullet,Wlc1IIt28E4F5ufMvzrVqmqBnXiOXQZDPKAGs-5RYW3E63nU,NA1,Kq6iZ6atEsVnZ1BpckYspAMhzpLYeMbNCgmOIxdi0dK8KHPMIMixchXz,/v1/stats/player_history/NA1/2400033909451616,18
1,100,58,12,4,SOLO,TOP,False,1054,3047,3153,3812,3065,0,3340,4.0,6.0,6.0,2.0,1.0,1.0,537.0,0.0,0.0,0.0,0.0,0.0,153082.0,9505.0,141401.0,2175.0,0.0,17794.0,2580.0,15214.0,0.0,7568.0,1.0,31793.0,4211.0,4211.0,38.0,28.0,31147.0,5936.0,21574.0,3636.0,12189.0,11500.0,1.0,0.0,209.0,4.0,0.0,0.0,80.0,17.0,2.0,0.0,12.0,4.0,False,False,False,False,0.0,0.0,0.0,0.0,0.0,0.0,0.0,0.0,0.0,0.0,0.0,0.0,0.0,0.0,8010.0,709.0,0.0,0.0,9111.0,760.0,200.0,0.0,9105.0,21.0,0.0,0.0,8299.0,396.0,0.0,0.0,8473.0,902.0,0.0,0.0,8446.0,1635.0,0.0,0.0,8000.0,8400.0,5005.0,5008.0,5002.0,3656144800.0,NA1,eYG9LuiY5_Hqcbrh7aTc9Cj2cst5uCyDLifiT60I-ptN8g,CharizardQT,icg_C9bXZk621EMqfxKPM2Z2aT3YZcA5r5273Ep247tEZjI,NA1,eYG9LuiY5_Hqcbrh7aTc9Cj2cst5uCyDLifiT60I-ptN8g,/v1/stats/player_history/NA1/48752366,1113
2,100,142,4,14,DUO_CARRY,MIDDLE,False,0,3165,3020,3285,1056,0,3340,4.0,9.0,5.0,2.0,2.0,1.0,480.0,1.0,0.0,0.0,0.0,0.0,110752.0,79626.0,16983.0,14142.0,135.0,21772.0,15792.0,2083.0,3896.0,1993.0,2.0,8349.0,3384.0,1559.0,38.0,28.0,23412.0,11504.0,10872.0,1035.0,9238.0,8250.0,0.0,0.0,132.0,0.0,0.0,0.0,182.0,14.0,6.0,0.0,14.0,2.0,False,False,False,False,0.0,0.0,0.0,0.0,0.0,0.0,0.0,0.0,0.0,0.0,0.0,0.0,0.0,0.0,8112.0,877.0,0.0,0.0,8143.0,502.0,0.0,0.0,8120.0,3.0,30.0,8.0,8135.0,1807.0,4.0,0.0,8226.0,250.0,1051.0,0.0,8210.0,0.0,0.0,0.0,8100.0,8200.0,5008.0,5008.0,5003.0,3656144800.0,NA1,oYatVNN-YkHzIvxA_GbpH4K-uiqnIfrJYLJI3LDx5FtNQlG5_RdVm3xI,rickyyytan,_cabepNWPKIFoRr02pj7u1cMfI7UB-OwiBGR_anf6ycZ-xVa,NA1,oYatVNN-YkHzIvxA_GbpH4K-uiqnIfrJYLJI3LDx5FtNQlG5_RdVm3xI,/v1/stats/player_history/NA1/2350503162267744,1451
3,100,105,4,11,NONE,JUNGLE,False,1414,3124,3146,0,0,3006,3340,8.0,8.0,4.0,3.0,3.0,2.0,380.0,1.0,1.0,0.0,0.0,0.0,95126.0,57580.0,31669.0,5876.0,0.0,8804.0,6974.0,1758.0,72.0,5411.0,1.0,9620.0,8770.0,610.0,29.0,10.0,26408.0,7883.0,17166.0,1357.0,10848.0,10425.0,0.0,0.0,69.0,46.0,29.0,6.0,220.0,13.0,1.0,0.0,12.0,4.0,False,False,False,False,0.0,0.0,0.0,0.0,0.0,0.0,0.0,0.0,0.0,0.0,0.0,0.0,0.0,0.0,8112.0,594.0,0.0,0.0,8143.0,331.0,0.0,0.0,8138.0,30.0,0.0,0.0,8106.0,5.0,0.0,0.0,9111.0,529.0,240.0,0.0,8014.0,350.0,0.0,0.0,8100.0,8000.0,5005.0,5008.0,5002.0,3656144800.0,NA1,KKmpuc7ABWArkmqLWIKYAF5BEp7D8A5Bw5_fWj0Ao-o3LZo,KHEUSKS,_YHR4EcEzoJ4UtsYBycb4VyBvU004BEGW4GftfS-HV0HMzI,NA1,KKmpuc7ABWArkmqLWIKYAF5BEp7D8A5Bw5_fWj0Ao-o3LZo,/v1/stats/player_history/NA1/221864998,1109
4,100,22,4,7,SOLO,BOTTOM,False,1055,3085,3153,3006,1038,0,3340,1.0,8.0,4.0,0.0,1.0,0.0,840.0,0.0,0.0,0.0,0.0,0.0,137210.0,1491.0,114854.0,20865.0,215.0,8908.0,1137.0,7770.0,0.0,3312.0,3.0,11141.0,3144.0,1986.0,7.0,26.0,28279.0,16192.0,11986.0,100.0,9959.0,9050.0,0.0,0.0,182.0,12.0,9.0,0.0,638.0,15.0,0.0,0.0,4.0,1.0,False,False,False,False,0.0,0.0,0.0,0.0,0.0,0.0,0.0,0.0,0.0,0.0,0.0,0.0,0.0,0.0,8112.0,471.0,0.0,0.0,8139.0,705.0,0.0,0.0,8138.0,6.0,0.0,0.0,8135.0,576.0,3.0,0.0,8446.0,0.0,0.0,0.0,8473.0,901.0,0.0,0.0,8100.0,8400.0,5008.0,5008.0,5001.0,3656144800.0,NA,y30BvA7JAxJXoq6ZfCB2SHjflMhf4fRhO7RzeJr-Q15TfQ,jackypan,5X8-pr6mkGr6UPOiQYBK4GnhHothDxYZug1hLf82W3A-8nk,NA1,y30BvA7JAxJXoq6ZfCB2SHjflMhf4fRhO7RzeJr-Q15TfQ,/v1/stats/player_history/NA/38640926,3553
5,100,350,7,11,DUO_SUPPORT,MIDDLE,False,3853,3107,3905,3117,3114,3801,3364,0.0,2.0,14.0,0.0,0.0,0.0,1425.0,0.0,0.0,0.0,0.0,0.0,14833.0,7591.0,2656.0,4584.0,0.0,4908.0,3012.0,721.0,1174.0,12931.0,5.0,5084.0,366.0,366.0,39.0,19.0,8213.0,3735.0,4293.0,184.0,7421.0,7150.0,0.0,0.0,8.0,8.0,4.0,0.0,62.0,13.0,0.0,0.0,17.0,5.0,False,False,False,False,0.0,0.0,0.0,0.0,0.0,0.0,0.0,0.0,0.0,0.0,0.0,0.0,0.0,0.0,8360.0,11.0,0.0,0.0,8304.0,10.0,3.0,0.0,8321.0,5.0,0.0,0.0,8347.0,0.0,0.0,0.0,8210.0,0.0,0.0,0.0,8236.0,48.0,0.0,0.0,8300.0,8200.0,5008.0,5008.0,5002.0,3656144800.0,NA1,JuhcbgKaps7oh5I66_oip2CScNQJD6FaZK5nwvlURHvDBaY,Qohay Tastiki,bYbSeY-1IGuidAirHfgAWjCQwvGh05wPfYNyNPSbePgCK00,NA1,JuhcbgKaps7oh5I66_oip2CScNQJD6FaZK5nwvlURHvDBaY,/v1/stats/player_history/NA1/219451035,4791
6,200,99,3,4,DUO_SUPPORT,BOTTOM,True,3504,3020,3853,3089,3108,0,3340,3.0,2.0,13.0,2.0,2.0,1.0,1262.0,1.0,0.0,0.0,0.0,0.0,49754.0,44397.0,3790.0,1565.0,0.0,11036.0,10447.0,447.0,140.0,1588.0,1.0,5123.0,6159.0,1189.0,40.0,47.0,8546.0,4119.0,4187.0,239.0,9742.0,8525.0,0.0,0.0,30.0,0.0,0.0,0.0,186.0,14.0,1.0,0.0,16.0,1.0,False,False,False,True,0.0,0.0,0.0,0.0,0.0,0.0,0.0,0.0,0.0,0.0,1.0,0.0,0.0,0.0,8229.0,1427.0,0.0,0.0,8226.0,250.0,698.0,0.0,8210.0,0.0,0.0,0.0,8237.0,480.0,0.0,0.0,8347.0,0.0,0.0,0.0,8345.0,3.0,0.0,0.0,8200.0,8300.0,5008.0,5008.0,5002.0,3656144800.0,NA,DIxERcGQafYekNFpPw94gTiEj4ObqX0NdWi7WK1TA11yhw,SkeetinAround,k6uy76JjJpkONtbXQrTXzd8RT9wi6FQMNjyfN0x2pSx7AJA,NA1,DIxERcGQafYekNFpPw94gTiEj4ObqX0NdWi7WK1TA11yhw,/v1/stats/player_history/NA/39122093,1429
7,200,145,7,4,DUO_CARRY,BOTTOM,True,3157,0,3042,3006,3115,3124,3340,7.0,4.0,8.0,4.0,2.0,2.0,782.0,1.0,0.0,0.0,0.0,0.0,213665.0,42242.0,163929.0,7492.0,0.0,24758.0,8844.0,15039.0,875.0,6750.0,2.0,14045.0,33343.0,10005.0,36.0,0.0,17879.0,6519.0,11019.0,341.0,15004.0,13725.0,4.0,0.0,246.0,12.0,0.0,4.0,55.0,17.0,3.0,0.0,14.0,2.0,False,False,True,False,0.0,0.0,0.0,0.0,0.0,0.0,0.0,0.0,0.0,0.0,1.0,0.0,0.0,0.0,9923.0,62.0,79.0,0.0,8139.0,1264.0,0.0,0.0,8138.0,30.0,0.0,0.0,8135.0,3478.0,5.0,0.0,8009.0,3830.0,500.0,0.0,9104.0,18.0,30.0,0.0,8100.0,8000.0,5005.0,5008.0,5002.0,3656144800.0,NA1,re1-EaTp4wtKfOw6E-h4gaNe2sS5lIBJ7TqqRlUEx2e4FPCCGKyzx3ZV,StopNukedOut,27ux1adpnwGVqsppZJ63mhZeu132lzdpUTa3vtwdscz-GkXN,NA1,re1-EaTp4wtKfOw6E-h4gaNe2sS5lIBJ7TqqRlUEx2e4FPCCGKyzx3ZV,/v1/stats/player_history/NA1/2363961210890496,776
8,200,203,4,11,NONE,JUNGLE,True,1412,2031,3153,3006,3071,1038,3340,6.0,3.0,9.0,2.0,1.0,2.0,698.0,0.0,0.0,0.0,0.0,0.0,191890.0,29707.0,150630.0,11551.0,460.0,14285.0,2560.0,10414.0,1310.0,18286.0,10.0,15115.0,31160.0,3214.0,25.0,8.0,30042.0,8721.0,19906.0,1413.0,13071.0,11625.0,4.0,0.0,23.0,176.0,112.0,24.0,212.0,16.0,2.0,0.0,12.0,1.0,True,False,False,False,0.0,0.0,0.0,0.0,0.0,0.0,0.0,0.0,0.0,0.0,1.0,0.0,0.0,0.0,8005.0,1046.0,614.0,432.0,9111.0,985.0,300.0,0.0,9104.0,17.0,50.0,0.0,8014.0,413.0,0.0,0.0,8275.0,16.0,0.0,0.0,8232.0,7.0,50.0,0.0,8000.0,8200.0,5005.0,5008.0,5002.0,3656144800.0,NA1,Hws3RaTMNKjmZLKg9u7TdGKJDyBHI5VLMmI8Wb7n1_U72A,DandyMag,YAowhuqrlryefE1DvZjsNQKmJV7uRVmh8bQXqOGg09nWlu8,NA1,Hws3RaTMNKjmZLKg9u7TdGKJDyBHI5VLMmI8Wb7n1_U72A,/v1/stats/player_history/NA1/42935679,4762
9,200,517,12,4,SOLO,MIDDLE,True,2033,3030,3157,3285,3020,3916,3340,11.0,3.0,10.0,8.0,2.0,2.0,529.0,1.0,0.0,0.0,0.0,0.0,155105.0,146848.0,8149.0,108.0,0.0,23101.0,23065.0,0.0,36.0,7636.0,1.0,12822.0,5616.0,967.0,30.0,21.0,19270.0,6838.0,11081.0,1351.0,14243.0,12475.0,0.0,0.0,171.0,34.0,10.0,17.0,435.0,17.0,5.0,0.0,16.0,1.0,False,False,False,False,0.0,0.0,0.0,0.0,0.0,0.0,0.0,0.0,0.0,0.0,1.0,0.0,0.0,0.0,8021.0,3626.0,0.0,0.0,8009.0,4705.0,500.0,0.0,9105.0,21.0,10.0,0.0,8299.0,234.0,0.0,0.0,8345.0,3.0,0.0,0.0,8347.0,0.0,0.0,0.0,8000.0,8300.0,5008.0,5008.0,5003.0,3656144800.0,NA1,W1fWII9KO333o3__Gl64tLScOF0cWOlY7LvX0KQhLhZL9CcBOHzhaOJj,kylevia,0YwdbOWmgxWBAtD0Vk-rVKEw6RqlN--twxx1NZjEwbAjWEo,NA1,W1fWII9KO333o3__Gl64tLScOF0cWOlY7LvX0KQhLhZL9CcBOHzhaOJj,/v1/stats/player_history/NA1/2001677837994816,4803
10,200,86,14,4,SOLO,TOP,True,3812,3078,1031,3047,1011,0,3340,6.0,5.0,8.0,2.0,1.0,2.0,624.0,0.0,0.0,0.0,0.0,0.0,135911.0,53.0,131432.0,4425.0,0.0,14410.0,0.0,11410.0,3000.0,2624.0,1.0,27606.0,14038.0,6343.0,16.0,24.0,24428.0,6903.0,15627.0,1897.0,12412.0,10808.0,2.0,2.0,159.0,24.0,16.0,0.0,60.0,17.0,1.0,0.0,10.0,0.0,False,False,False,False,0.0,0.0,0.0,0.0,0.0,0.0,0.0,0.0,0.0,0.0,1.0,0.0,0.0,0.0,8010.0,651.0,0.0,0.0,9111.0,452.0,280.0,0.0,9105.0,22.0,20.0,0.0,8299.0,348.0,0.0,0.0,8446.0,1562.0,0.0,0.0,8429.0,64.0,21.0,14.0,8000.0,8400.0,5005.0,5008.0,5002.0,3656144800.0,NA1,h4KQWHqQCTlrOdEMcx8vb2xxYReiJem8QW_GjQsOOzLzJ1vkHZSIOf7c,khallipygian,mjqVgJgjhJl_ihz5bmw8B3SmSwCLK9f9Fg1TR4syU6eP4KT-,NA1,h4KQWHqQCTlrOdEMcx8vb2xxYReiJem8QW_GjQsOOzLzJ1vkHZSIOf7c,/v1/stats/player_history/NA1/2507015857063296,4657
1,100,32,4,11,NONE,JUNGLE,False,3190,1402,3111,3742,3075,0,3364,1.0,16.0,17.0,0.0,1.0,0.0,531.0,0.0,0.0,0.0,0.0,0.0,183192.0,136302.0,25047.0,21841.0,38.0,17889.0,13689.0,1240.0,2959.0,6395.0,1.0,59778.0,5099.0,0.0,25.0,54.0,49853.0,23229.0,23019.0,3605.0,12311.0,12170.0,0.0,0.0,113.0,68.0,52.0,0.0,395.0,18.0,4.0,0.0,5.0,5.0,False,False,False,False,0.0,0.0,0.0,0.0,0.0,0.0,0.0,0.0,0.0,0.0,0.0,0.0,0.0,0.0,8128.0,1251.0,20.0,0.0,8126.0,915.0,0.0,0.0,8138.0,30.0,0.0,0.0,8106.0,5.0,0.0,0.0,8275.0,30.0,0.0,0.0,8232.0,4.0,40.0,0.0,8100.0,8200.0,5005.0,5008.0,5002.0,3656093491.0,NA,uEajr6vsYKHRcIIrRX-txYODdzyoQcFXueRmmUygFdzDVg,TomatCultivator,NvqCuO086-fhQHwkSNfh3OcP5v8V6z6NCpDgc9VqLQH4KIc,NA1,uEajr6vsYKHRcIIrRX-txYODdzyoQcFXueRmmUygFdzDVg,/v1/stats/player_history/NA/35023887,584
2,100,131,4,14,SOLO,TOP,False,3157,3027,3020,3115,3135,1058,3340,8.0,15.0,12.0,2.0,2.0,1.0,527.0,1.0,0.0,0.0,0.0,0.0,205934.0,154036.0,21238.0,30660.0,0.0,41117.0,34821.0,2618.0,3677.0,9183.0,1.0,43973.0,3200.0,3200.0,32.0,14.0,53943.0,24664.0,25454.0,3825.0,14813.0,14650.0,1.0,0.0,175.0,0.0,0.0,0.0,87.0,18.0,8.0,0.0,17.0,4.0,False,False,True,False,0.0,0.0,0.0,0.0,0.0,0.0,0.0,0.0,0.0,0.0,0.0,0.0,0.0,0.0,8010.0,1299.0,0.0,0.0,9111.0,1032.0,400.0,0.0,9104.0,23.0,20.0,0.0,8014.0,606.0,0.0,0.0,8139.0,1850.0,0.0,0.0,8135.0,3713.0,5.0,0.0,8000.0,8100.0,5005.0,5008.0,5002.0,3656093491.0,NA1,oYatVNN-YkHzIvxA_GbpH4K-uiqnIfrJYLJI3LDx5FtNQlG5_RdVm3xI,rickyyytan,_cabepNWPKIFoRr02pj7u1cMfI7UB-OwiBGR_anf6ycZ-xVa,NA1,oYatVNN-YkHzIvxA_GbpH4K-uiqnIfrJYLJI3LDx5FtNQlG5_RdVm3xI,/v1/stats/player_history/NA1/2350503162267744,1451
3,100,236,4,7,DUO_CARRY,BOTTOM,False,3094,3095,3031,3046,3006,3036,3364,26.0,5.0,7.0,21.0,2.0,3.0,1328.0,5.0,0.0,0.0,0.0,0.0,438231.0,12467.0,400304.0,25460.0,1271.0,74574.0,4481.0,66199.0,3893.0,6282.0,4.0,20256.0,13123.0,10025.0,24.0,9.0,43951.0,24598.0,17227.0,2125.0,26808.0,21625.0,3.0,1.0,348.0,16.0,16.0,0.0,110.0,18.0,1.0,0.0,7.0,5.0,False,False,False,False,0.0,0.0,0.0,0.0,0.0,0.0,0.0,0.0,0.0,0.0,0.0,0.0,0.0,0.0,8005.0,4442.0,2102.0,2340.0,8009.0,4511.0,500.0,0.0,9103.0,26.0,10.0,0.0,8014.0,1901.0,0.0,0.0,8210.0,0.0,0.0,0.0,8236.0,48.0,0.0,0.0,8000.0,8200.0,5005.0,5008.0,5002.0,3656093491.0,NA1,vz7lr6DnXhOBq02XBySz5oxFSmT8w3nBxFC14r5IJ4YT144,SKT Baby Yeeter,QQHJWB8yZ6TFkJ8IRT682GiT1P2ql4Wqz6Cs4cUMzHBZwP0,NA1,vz7lr6DnXhOBq02XBySz5oxFSmT8w3nBxFC14r5IJ4YT144,/v1/stats/player_history/NA1/230419857,4794
4,100,350,14,4,DUO_SUPPORT,BOTTOM,False,3222,3905,3107,3853,3114,3117,3364,0.0,2.0,33.0,0.0,0.0,0.0,1392.0,0.0,0.0,0.0,0.0,0.0,22881.0,17792.0,361.0,4727.0,0.0,13144.0,10336.0,133.0,2673.0,22143.0,5.0,3027.0,427.0,427.0,29.0,24.0,5537.0,2296.0,2816.0,424.0,10488.0,8875.0,0.0,0.0,5.0,0.0,0.0,0.0,57.0,18.0,1.0,0.0,12.0,0.0,False,False,False,False,0.0,0.0,0.0,0.0,0.0,0.0,0.0,0.0,0.0,0.0,0.0,0.0,0.0,0.0,8214.0,1356.0,2778.0,0.0,8226.0,250.0,1556.0,0.0,8210.0,40.0,0.0,0.0,8237.0,720.0,0.0,0.0,8345.0,3.0,0.0,0.0,8347.0,0.0,0.0,0.0,8200.0,8300.0,5007.0,5008.0,5001.0,3656093491.0,NA1,FUpRi9Fe2DACe-JRXTU8CIlmUI50-0ouHr2Od1_vNlU4Vb8,kaintc,rGwapXKqEYEdjfiqtsYuQjRMZPJZoNgh-sWkpM1i-jKZPSM,NA1,FUpRi9Fe2DACe-JRXTU8CIlmUI50-0ouHr2Od1_vNlU4Vb8,/v1/stats/player_history/NA1/216295717,4787
5,100,25,4,14,SOLO,MIDDLE,False,3157,3135,3117,3285,1026,1052,3340,5.0,13.0,15.0,2.0,1.0,2.0,580.0,0.0,0.0,0.0,0.0,0.0,110593.0,93585.0,14341.0,2666.0,0.0,23450.0,20453.0,647.0,2349.0,5785.0,1.0,17993.0,0.0,0.0,18.0,69.0,36379.0,22169.0,12223.0,1986.0,12605.0,11485.0,0.0,0.0,125.0,0.0,0.0,0.0,151.0,17.0,0.0,0.0,10.0,0.0,False,False,False,False,0.0,0.0,0.0,0.0,0.0,0.0,0.0,0.0,0.0,0.0,0.0,0.0,0.0,0.0,8128.0,1518.0,17.0,0.0,8126.0,955.0,0.0,0.0,8138.0,30.0,0.0,0.0,8135.0,2670.0,5.0,0.0,8345.0,3.0,0.0,0.0,8313.0,0.0,0.0,0.0,8100.0,8300.0,5008.0,5002.0,5001.0,3656093491.0,NA1,fSBab9qe3l2nhIE2sMDmb5eQvCgXcbt0pXpv4QRnlH9SFTK0MdkKTBwe,kenshero123,kicaPYsoZxBC2za_-344GpQVi0oW3V5gnEoiGkilv4j5QvI,NA1,fSBab9qe3l2nhIE2sMDmb5eQvCgXcbt0pXpv4QRnlH9SFTK0MdkKTBwe,/v1/stats/player_history/NA1/2006845890155104,4779
6,200,99,14,4,SOLO,MIDDLE,True,3102,3191,3285,3165,3047,1052,3340,5.0,8.0,26.0,3.0,1.0,2.0,796.0,0.0,0.0,0.0,0.0,0.0,171619.0,152875.0,14883.0,3861.0,0.0,43108.0,39006.0,990.0,3111.0,2595.0,1.0,15830.0,6146.0,3003.0,32.0,85.0,19090.0,9507.0,8158.0,1423.0,15674.0,12410.0,2.0,0.0,191.0,8.0,0.0,4.0,483.0,18.0,1.0,0.0,17.0,2.0,False,False,False,False,0.0,0.0,0.0,0.0,0.0,0.0,0.0,0.0,0.0,0.0,0.0,0.0,0.0,0.0,8229.0,4302.0,0.0,0.0,8226.0,250.0,1397.0,0.0,8210.0,0.0,0.0,0.0,8237.0,1024.0,0.0,0.0,8345.0,3.0,0.0,0.0,8347.0,0.0,0.0,0.0,8200.0,8300.0,5008.0,5008.0,5002.0,3656093491.0,NA1,7gc-QNwiwP9Axns-i3Yrcqg-x-ZJClLS1EbY2WGyUSHJJDzDDe1By6uh,scoutsmells,IUbDRwcMCARfKsL5ljOVOnhSDqbrpFYk1kneLmfzf38C5ZV0,NA1,7gc-QNwiwP9Axns-i3Yrcqg-x-ZJClLS1EbY2WGyUSHJJDzDDe1By6uh,/v1/stats/player_history/NA1/2435945828829600,4780
7,200,57,4,14,DUO_SUPPORT,BOTTOM,True,3065,3853,3068,3075,1011,3117,3364,3.0,10.0,20.0,0.0,1.0,0.0,623.0,0.0,0.0,0.0,0.0,0.0,97713.0,88394.0,7586.0,1732.0,12.0,24601.0,21543.0,1325.0,1732.0,22310.0,1.0,54997.0,2085.0,1518.0,71.0,94.0,54880.0,26280.0,23338.0,5261.0,11964.0,11500.0,0.0,0.0,63.0,0.0,0.0,0.0,608.0,18.0,2.0,0.0,30.0,4.0,False,False,False,False,0.0,0.0,0.0,0.0,0.0,0.0,0.0,0.0,0.0,0.0,0.0,0.0,0.0,0.0,8229.0,2428.0,0.0,0.0,8226.0,250.0,389.0,0.0,8210.0,0.0,0.0,0.0,8237.0,866.0,0.0,0.0,8304.0,11.0,1.0,5.0,8345.0,3.0,0.0,0.0,8200.0,8300.0,5007.0,5002.0,5002.0,3656093491.0,NA1,krwdJ_5TB-Bu9lvWqwXQ84RKNatpbQacYAdrN_qn6X1fvxo,IRestrictedI,JSAGNq9iL405Y3BiL_iioJP4z6u1bIvWqPvBNo3pGuEv-yY,NA1,krwdJ_5TB-Bu9lvWqwXQ84RKNatpbQacYAdrN_qn6X1fvxo,/v1/stats/player_history/NA1/204289126,665
8,200,98,4,12,SOLO,TOP,True,3068,3075,3748,3111,3065,3067,3340,8.0,8.0,15.0,4.0,2.0,1.0,1187.0,1.0,0.0,0.0,0.0,0.0,223654.0,64413.0,130209.0,29031.0,29.0,21649.0,8882.0,11271.0,1496.0,9558.0,1.0,80550.0,8444.0,5025.0,12.0,35.0,53980.0,15764.0,34213.0,4002.0,16698.0,14450.0,2.0,0.0,232.0,8.0,0.0,8.0,313.0,18.0,0.0,0.0,8.0,3.0,False,False,False,False,0.0,0.0,0.0,0.0,0.0,0.0,0.0,0.0,0.0,0.0,0.0,0.0,0.0,0.0,8437.0,1449.0,1049.0,0.0,8401.0,981.0,0.0,0.0,8444.0,1796.0,0.0,0.0,8453.0,923.0,2188.0,0.0,8126.0,758.0,0.0,0.0,8106.0,4.0,0.0,0.0,8400.0,8100.0,5007.0,5002.0,5002.0,3656093491.0,NA1,WtKcuw0XB_0s8IFcJhRR4Hux05MoNKKy03AQpX95Fkl6jw,DonaldJHarambe,jQbgphMMdDeQ5UV7Hf14dP23fK0kixtCA3MrJoHTlJz9fMk,NA1,WtKcuw0XB_0s8IFcJhRR4Hux05MoNKKy03AQpX95Fkl6jw,/v1/stats/player_history/NA1/42526752,4568
9,200,145,4,7,DUO_CARRY,BOTTOM,True,3042,3006,3124,3123,3115,3812,3340,8.0,7.0,13.0,4.0,1.0,2.0,1105.0,0.0,0.0,0.0,0.0,0.0,206121.0,43550.0,154035.0,8535.0,0.0,20390.0,7909.0,11955.0,525.0,10419.0,4.0,17647.0,31540.0,8025.0,18.0,0.0,29692.0,11772.0,16279.0,1641.0,15660.0,14500.0,3.0,0.0,166.0,32.0,24.0,0.0,0.0,18.0,0.0,0.0,11.0,0.0,False,False,False,False,0.0,0.0,0.0,0.0,0.0,0.0,0.0,0.0,0.0,0.0,0.0,0.0,0.0,0.0,9923.0,51.0,80.0,0.0,8139.0,1323.0,0.0,0.0,8138.0,18.0,0.0,0.0,8135.0,2785.0,5.0,0.0,8009.0,3289.0,500.0,0.0,9103.0,34.0,40.0,0.0,8100.0,8000.0,5005.0,5008.0,5002.0,3656093491.0,NA1,xw3JoWIH0qJ1g-79lhsODTfEvcaFbJZalXwPcbE84K6rqmX0y1nQLvsN,Dreaded Sokka,WkVqaksGlH6Bqqq5NCVShPPWrYy2HaeauJmgHPk6KXMFjoSb,NA1,xw3JoWIH0qJ1g-79lhsODTfEvcaFbJZalXwPcbE84K6rqmX0y1nQLvsN,/v1/stats/player_history/NA1/2238168249059776,4652
10,200,35,14,11,NONE,JUNGLE,True,1400,3142,3074,3147,3117,3031,3364,27.0,7.0,10.0,16.0,2.0,4.0,1401.0,5.0,0.0,0.0,0.0,0.0,361321.0,64501.0,267809.0,29010.0,1369.0,51978.0,19038.0,27839.0,5100.0,21442.0,1.0,30407.0,59234.0,3483.0,35.0,48.0,55874.0,22768.0,29881.0,3224.0,23523.0,18050.0,3.0,3.0,132.0,172.0,75.0,44.0,955.0,18.0,3.0,0.0,5.0,5.0,True,False,False,False,0.0,0.0,0.0,0.0,0.0,0.0,0.0,0.0,0.0,0.0,0.0,0.0,0.0,0.0,9923.0,64.0,79.0,0.0,8143.0,1523.0,0.0,0.0,8138.0,18.0,0.0,0.0,8105.0,12.0,5.0,0.0,9104.0,10.0,10.0,0.0,8014.0,1168.0,0.0,0.0,8100.0,8000.0,5005.0,5008.0,5002.0,3656093491.0,NA1,ggbqEngF7ygup1URxyCOPiFx7bM7W6-8cHacJ21CHRWJHybNWT9y6jgQ,GGSokka,9pVdGScYfjfFi8Ab5wm2WhHMhI9zD4LQV2zyFan6dqCus6ji,NA1,ggbqEngF7ygup1URxyCOPiFx7bM7W6-8cHacJ21CHRWJHybNWT9y6jgQ,/v1/stats/player_history/NA1/2403533711788768,4572
1,100,131,4,14,SOLO,MIDDLE,True,3157,3089,3111,3027,3115,3102,3340,20.0,9.0,16.0,6.0,2.0,3.0,799.0,2.0,0.0,0.0,0.0,0.0,166181.0,135666.0,20609.0,9905.0,0.0,40981.0,34415.0,3754.0,2810.0,8014.0,1.0,52002.0,13813.0,2941.0,23.0,16.0,36003.0,17323.0,17880.0,799.0,17292.0,16925.0,2.0,2.0,127.0,29.0,4.0,5.0,71.0,17.0,4.0,0.0,14.0,2.0,True,False,False,False,0.0,0.0,0.0,0.0,0.0,0.0,0.0,0.0,0.0,0.0,4.0,0.0,0.0,0.0,8112.0,2790.0,0.0,0.0,8143.0,1086.0,0.0,0.0,8120.0,1.0,18.0,8.0,8135.0,4137.0,5.0,0.0,8226.0,250.0,636.0,0.0,8210.0,40.0,0.0,0.0,8100.0,8200.0,5008.0,5008.0,5003.0,3655266458.0,NA1,oYatVNN-YkHzIvxA_GbpH4K-uiqnIfrJYLJI3LDx5FtNQlG5_RdVm3xI,rickyyytan,_cabepNWPKIFoRr02pj7u1cMfI7UB-OwiBGR_anf6ycZ-xVa,NA1,oYatVNN-YkHzIvxA_GbpH4K-uiqnIfrJYLJI3LDx5FtNQlG5_RdVm3xI,/v1/stats/player_history/NA1/2350503162267744,1451
2,100,121,4,11,NONE,JUNGLE,True,1400,3111,3147,3814,3812,1043,3364,13.0,12.0,11.0,3.0,1.0,4.0,402.0,0.0,0.0,0.0,0.0,0.0,179237.0,7344.0,154135.0,17756.0,0.0,28495.0,1714.0,24147.0,2632.0,17006.0,1.0,31946.0,21656.0,211.0,25.0,11.0,44072.0,17027.0,25209.0,1836.0,14622.0,14350.0,0.0,0.0,47.0,117.0,68.0,28.0,249.0,17.0,1.0,0.0,12.0,1.0,False,False,False,False,0.0,0.0,0.0,0.0,0.0,0.0,0.0,0.0,0.0,0.0,4.0,0.0,0.0,0.0,8112.0,1569.0,0.0,0.0,8143.0,674.0,0.0,0.0,8138.0,18.0,0.0,0.0,8135.0,7764.0,5.0,0.0,8275.0,25.0,0.0,0.0,8232.0,5.0,30.0,0.0,8100.0,8200.0,5008.0,5008.0,5002.0,3655266458.0,NA1,cq1jpCuOLI5-ZbRRugpLoW0AZDGY0MkLQO8xUlBGC8b5vW2ej93T8xT7,Snoky13,HQYxGSpkr7g6neDdnEDM4gNVDj43pwFme0hAMD_Js6k-gQc,NA1,cq1jpCuOLI5-ZbRRugpLoW0AZDGY0MkLQO8xUlBGC8b5vW2ej93T8xT7,/v1/stats/player_history/NA1/2040529145022720,7
3,100,86,4,14,SOLO,TOP,True,3078,3006,3087,3053,3742,0,3364,9.0,10.0,11.0,2.0,2.0,2.0,491.0,1.0,0.0,0.0,0.0,0.0,186043.0,4645.0,167819.0,13578.0,952.0,34207.0,778.0,24530.0,8898.0,8485.0,1.0,73999.0,19521.0,3244.0,39.0,51.0,49788.0,12107.0,36866.0,814.0,14869.0,14433.0,1.0,0.0,145.0,44.0,21.0,17.0,126.0,18.0,4.0,0.0,9.0,3.0,False,False,False,False,0.0,0.0,0.0,0.0,0.0,0.0,0.0,0.0,0.0,0.0,4.0,0.0,0.0,0.0,8010.0,2836.0,0.0,0.0,9111.0,2227.0,400.0,0.0,9105.0,17.0,40.0,0.0,8299.0,956.0,0.0,0.0,8451.0,235.0,0.0,0.0,8429.0,68.0,20.0,13.0,8000.0,8400.0,5008.0,5008.0,5002.0,3655266458.0,NA,AzwcoTtwBkUER-lizrqx8u1u7LbmkVJbK2Mzs8ZACJE,evilangel2774,-0-CT8O1MBkFbYIegM5hRNsGHm-JMIrf1LGREB0-nTNg,NA1,AzwcoTtwBkUER-lizrqx8u1u7LbmkVJbK2Mzs8ZACJE,/v1/stats/player_history/NA/455528,23
4,100,25,3,4,DUO_SUPPORT,BOTTOM,True,3853,3030,3157,3105,3151,3117,3364,4.0,7.0,31.0,2.0,1.0,1.0,710.0,0.0,0.0,0.0,0.0,0.0,53948.0,45803.0,6956.0,1187.0,0.0,15592.0,13715.0,792.0,1085.0,5353.0,1.0,22305.0,6157.0,1218.0,95.0,64.0,25697.0,10545.0,14675.0,476.0,12685.0,11675.0,0.0,0.0,26.0,10.0,0.0,6.0,121.0,17.0,7.0,0.0,37.0,6.0,False,False,False,False,0.0,0.0,0.0,0.0,0.0,0.0,0.0,0.0,0.0,0.0,4.0,0.0,0.0,0.0,8214.0,1874.0,576.0,0.0,8226.0,250.0,1454.0,0.0,8210.0,0.0,0.0,0.0,8237.0,850.0,0.0,0.0,8313.0,0.0,0.0,0.0,8345.0,3.0,0.0,0.0,8200.0,8300.0,5008.0,5008.0,5002.0,3655266458.0,NA1,pFwtU7irmudSbtGD17c-prkJUcf9EQHDQ2atrrEZ5eT_5FlFCJVzrP3j,lethal forcekins,h6wI5vISIqCl2HuTqKnl2Q0X3PT5hWMVCw_mWxyAG7ZYp3x4,NA1,pFwtU7irmudSbtGD17c-prkJUcf9EQHDQ2atrrEZ5eT_5FlFCJVzrP3j,/v1/stats/player_history/NA1/2232372234529376,4555
5,100,21,4,7,DUO_CARRY,BOTTOM,True,3071,3031,3124,3095,3508,3006,3340,17.0,6.0,9.0,4.0,3.0,6.0,679.0,1.0,1.0,0.0,0.0,0.0,249872.0,11087.0,227027.0,11757.0,1193.0,37565.0,2255.0,33862.0,1447.0,3998.0,3.0,15390.0,29311.0,9614.0,24.0,11.0,27958.0,18036.0,9163.0,758.0,18262.0,18520.0,6.0,1.0,228.0,16.0,0.0,0.0,236.0,18.0,0.0,0.0,10.0,2.0,False,False,False,False,0.0,0.0,0.0,0.0,0.0,0.0,0.0,0.0,0.0,0.0,4.0,0.0,0.0,0.0,8005.0,2414.0,1357.0,1056.0,9101.0,3658.0,4809.0,0.0,9103.0,23.0,50.0,0.0,8014.0,1063.0,0.0,0.0,8275.0,13.0,0.0,0.0,8236.0,28.0,0.0,0.0,8000.0,8200.0,5005.0,5008.0,5002.0,3655266458.0,NA1,m8ST0EI59E1Tsnp0k2r4U2GmRO4ZSDMOy97PsDcEJgCuNnw,P3rvySageJiraiya,QK90FMev3XmU0fA8MdcQgQAmGRZrcjLrRU-bsV2zUimF_lQ,NA1,m8ST0EI59E1Tsnp0k2r4U2GmRO4ZSDMOy97PsDcEJgCuNnw,/v1/stats/player_history/NA1/233979231,1446
6,200,45,12,4,SOLO,MIDDLE,False,3157,3030,3905,3020,1058,1058,3364,8.0,14.0,12.0,2.0,1.0,2.0,440.0,0.0,0.0,0.0,0.0,0.0,105383.0,92417.0,11537.0,1428.0,0.0,25393.0,24035.0,943.0,414.0,2811.0,1.0,19688.0,1637.0,0.0,16.0,71.0,34604.0,13143.0,20272.0,1188.0,12140.0,12225.0,0.0,0.0,114.0,0.0,0.0,0.0,436.0,17.0,1.0,0.0,6.0,2.0,False,False,False,False,0.0,0.0,0.0,0.0,0.0,0.0,0.0,0.0,0.0,0.0,0.0,0.0,0.0,0.0,8351.0,21.0,0.0,0.0,8304.0,11.0,1.0,5.0,8345.0,3.0,0.0,0.0,8347.0,0.0,0.0,0.0,8139.0,2005.0,0.0,0.0,8134.0,66.0,5.0,0.0,8300.0,8100.0,5008.0,5008.0,5003.0,3655266458.0,NA1,dSAf4MOmY_Sx_09nP_w-3Ajd21qGDXwoui7o2R-ssXUKZUIM_PlgypjA,tarboush1,OqX-i_FbQLHZzqwIvOz2H4ekJcnah_vIMoYuMGCXx0l8vG0r,NA1,dSAf4MOmY_Sx_09nP_w-3Ajd21qGDXwoui7o2R-ssXUKZUIM_PlgypjA,/v1/stats/player_history/NA1/2351693652092960,4762
7,200,63,14,4,DUO_SUPPORT,BOTTOM,False,3853,3089,3157,3151,3020,0,3364,10.0,13.0,12.0,2.0,1.0,3.0,332.0,0.0,0.0,0.0,0.0,0.0,131040.0,121157.0,7180.0,2702.0,0.0,37865.0,34177.0,1586.0,2101.0,6431.0,1.0,21307.0,10338.0,507.0,86.0,26.0,35968.0,13714.0,20132.0,2121.0,13745.0,13700.0,0.0,0.0,80.0,4.0,0.0,4.0,65.0,17.0,0.0,0.0,54.0,7.0,False,False,False,False,0.0,0.0,0.0,0.0,0.0,0.0,0.0,0.0,0.0,0.0,0.0,0.0,0.0,0.0,8128.0,2671.0,27.0,0.0,8126.0,946.0,0.0,0.0,8138.0,30.0,0.0,0.0,8135.0,5835.0,5.0,0.0,8226.0,250.0,728.0,0.0,8236.0,48.0,0.0,0.0,8100.0,8200.0,5008.0,5008.0,5002.0,3655266458.0,NA,_A1iZUfc2Yig3nG018CXtMZbCoZAyeuaIito5kpQxLjBeg,Rocket96,cf22gSq5WNS4y8X6-LlVEoPBnE3ZMnDeUd19VYvyUlQHK7o,NA1,_A1iZUfc2Yig3nG018CXtMZbCoZAyeuaIito5kpQxLjBeg,/v1/stats/player_history/NA/39165915,4654
8,200,104,11,4,NONE,JUNGLE,False,3142,1412,3006,3071,1036,1029,3364,1.0,10.0,8.0,0.0,1.0,0.0,474.0,0.0,0.0,0.0,0.0,0.0,182562.0,4364.0,172439.0,5758.0,0.0,8668.0,408.0,7925.0,335.0,6512.0,1.0,18326.0,20299.0,4789.0,28.0,10.0,30196.0,9184.0,20299.0,712.0,10658.0,10650.0,1.0,0.0,93.0,81.0,68.0,0.0,243.0,16.0,3.0,0.0,4.0,4.0,False,False,False,False,0.0,0.0,0.0,0.0,0.0,0.0,0.0,0.0,0.0,0.0,0.0,0.0,0.0,0.0,8230.0,14.0,0.0,0.0,8275.0,17.0,0.0,0.0,8233.0,24.0,50.0,0.0,8232.0,5.0,10.0,0.0,9111.0,532.0,180.0,0.0,9104.0,20.0,30.0,0.0,8200.0,8000.0,5005.0,5008.0,5002.0,3655266458.0,NA1,jUEULivO4ACl-YIiclUJSVmHYGlUIeLH75Y5jvJO_wm1XuU,krestev,LvY1Iu6U5-rSe9XGaEO9q71ImgraDh_PHz0h-bWiM8Z_MF0,NA1,jUEULivO4ACl-YIiclUJSVmHYGlUIeLH75Y5jvJO_wm1XuU,/v1/stats/player_history/NA1/206117143,4780
9,200,429,4,14,DUO_CARRY,BOTTOM,False,3031,3072,3006,3085,3156,1053,3340,10.0,15.0,5.0,3.0,2.0,3.0,328.0,2.0,0.0,0.0,0.0,0.0,162706.0,986.0,156333.0,5386.0,696.0,29058.0,775.0,27303.0,979.0,1865.0,1.0,26771.0,8196.0,2757.0,21.0,7.0,34195.0,8842.0,23292.0,2060.0,15507.0,15250.0,1.0,0.0,191.0,12.0,4.0,0.0,150.0,17.0,0.0,0.0,10.0,2.0,False,False,False,False,0.0,0.0,0.0,0.0,0.0,0.0,0.0,0.0,0.0,0.0,0.0,0.0,0.0,0.0,8008.0,2.0,20.0,0.0,9111.0,643.0,300.0,0.0,9104.0,23.0,30.0,0.0,8014.0,754.0,0.0,0.0,8444.0,1116.0,0.0,0.0,8242.0,135.0,0.0,0.0,8000.0,8400.0,5005.0,5002.0,5002.0,3655266458.0,NA1,xJ2HcS5MtvIG7WLoj4yXQtDA-881Fj3457VRjvNcxfXvWA,OAO Godsent,ULOa4wP9yrZXvY0qBmEHY3qcRfYd_xNizbyfa9GJRP7vabI,NA1,xJ2HcS5MtvIG7WLoj4yXQtDA-881Fj3457VRjvNcxfXvWA,/v1/stats/player_history/NA1/44538276,1592
10,200,106,12,4,SOLO,TOP,False,3075,3078,3812,3111,3091,3083,3340,15.0,11.0,12.0,4.0,3.0,3.0,371.0,1.0,1.0,0.0,0.0,0.0,202281.0,90150.0,102066.0,10065.0,27.0,45876.0,12688.0,32379.0,808.0,15194.0,1.0,94270.0,7515.0,6034.0,6.0,39.0,57447.0,10878.0,34487.0,12082.0,18283.0,17913.0,2.0,0.0,182.0,4.0,4.0,0.0,457.0,18.0,0.0,0.0,4.0,1.0,False,False,False,False,0.0,0.0,0.0,0.0,0.0,0.0,0.0,0.0,0.0,0.0,0.0,0.0,0.0,0.0,8437.0,2907.0,2603.0,0.0,8401.0,818.0,0.0,0.0,8444.0,1908.0,0.0,0.0,8451.0,272.0,0.0,0.0,8345.0,3.0,0.0,0.0,8347.0,0.0,0.0,0.0,8400.0,8300.0,5005.0,5008.0,5002.0,3655266458.0,NA,LCIVDpyWjPF5I54DNK275LV1DMVMpSFmy3FJvw3lx77fOA,PIPY,mHm3Pjv8BIvM9PfgsMFFyuE5Yytcij92AN3zdD0NTITGx2E,NA1,LCIVDpyWjPF5I54DNK275LV1DMVMpSFmy3FJvw3lx77fOA,/v1/stats/player_history/NA/38632435,1401
